release_id,hospital_id,hospital_name,application_name,version,deployment_time,latency_ms,latency_change_percent,error_rate_percent,service_availability_percent,transaction_count,transaction_drop_percent,customer_impact_level,risk_score,risk_level,recommendation,ground_truth_decision,baseline_decision_time_min,adviser_decision_time_min
REL-CASE-001,HOSP-CGH-01,City General Hospital,Clinical Portal,v4.14.2,2026-09-06T07:29:36.690151,1650.0,65.0,0.35,99.85,9800,2.0,LOW,30,MEDIUM,HUMAN REVIEW,HUMAN REVIEW,54.0,5.5
REL-CASE-002,HOSP-SMMC-02,St. Mary's Medical Center,Laboratory Application,v3.10.0,2026-09-06T04:29:36.690189,420.0,5.0,7.5,99.7,4850,3.0,LOW,30,MEDIUM,HUMAN REVIEW,HUMAN REVIEW,48.0,4.5
REL-CASE-003,HOSP-MCH-04,Metro Care Hospital,Pharmacy Management Service,v2.8.4,2026-09-05T22:29:36.690204,310.0,3.3,0.2,99.9,12000,0.0,CRITICAL,40,MEDIUM,HUMAN REVIEW,HUMAN REVIEW,68.0,6.0
REL-CASE-004,HOSP-LKH-03,Lakeside Hospital,Radiology PACS,v5.2.1,2026-09-05T18:29:36.690218,,,0.15,99.95,3200,1.5,LOW,0,LOW,CONTINUE,CONTINUE,32.0,3.0
REL-CASE-005,HOSP-GVH-05,Green Valley Hospital,Patient Billing & Scheduling,v1.12.0,2026-09-05T12:29:36.690232,0.0,0.0,0.0,99.99,0,100.0,LOW,25,LOW,CONTINUE,HUMAN REVIEW,45.0,4.0
REL-CASE-006,HOSP-CGH-01,City General Hospital,Electronic Health Record Service,v4.1.8,2026-09-05T08:29:36.690246,1850.0,85.0,0.1,99.5,6000,40.0,LOW,55,MEDIUM,HUMAN REVIEW,HUMAN REVIEW,58.0,5.0
REL-2026-0007,HOSP-SMMC-02,St. Mary's Medical Center,Clinical Portal,v4.1.0,2026-09-19T09:30:00,403.8,34.6,3.55,98.93,13545,9.7,LOW,50,MEDIUM,HUMAN REVIEW,HUMAN REVIEW,43.3,4.8
REL-2026-0008,HOSP-LKH-03,Lakeside Hospital,Laboratory Application,v4.10.4,2026-09-19T06:00:00,400.2,33.4,4.93,99.05,4390,12.2,MEDIUM,55,MEDIUM,HUMAN REVIEW,HUMAN REVIEW,41.9,4.7
REL-2026-0009,HOSP-MCH-04,Metro Care Hospital,Electronic Health Record Service,v5.9.9,2026-09-19T02:30:00,1265.0,26.5,5.19,99.28,2652,11.6,MEDIUM,55,MEDIUM,HUMAN REVIEW,HUMAN REVIEW,41.1,5.0
REL-2026-0010,HOSP-GVH-05,Green Valley Hospital,Pharmacy Management Service,v3.11.3,2026-09-18T23:00:00,874.4,9.3,1.48,99.92,4785,4.3,LOW,0,LOW,CONTINUE,CONTINUE,21.4,3.2
REL-2026-0011,HOSP-CGH-01,City General Hospital,Radiology PACS,v2.1.5,2026-09-18T19:30:00,865.6,8.2,0.33,99.98,2943,1.9,LOW,0,LOW,CONTINUE,CONTINUE,25.1,3.3
REL-2026-0012,HOSP-SMMC-02,St. Mary's Medical Center,Patient Billing & Scheduling,v2.7.8,2026-09-18T16:00:00,468.9,4.2,1.11,99.74,7912,1.1,LOW,0,LOW,CONTINUE,CONTINUE,28.5,3.5
REL-2026-0013,HOSP-LKH-03,Lakeside Hospital,Clinical Portal,v2.13.9,2026-09-18T12:30:00,300.0,-0.0,0.41,99.75,4750,5.0,LOW,0,LOW,CONTINUE,CONTINUE,17.4,2.6
REL-2026-0014,HOSP-MCH-04,Metro Care Hospital,Laboratory Application,v1.9.6,2026-09-18T09:00:00,1440.0,80.0,17.65,94.05,4768,40.4,HIGH,100,CRITICAL,ROLLBACK RECOMMENDED (HIGH IMPACT CONFIRMATION REQUIRED),ROLLBACK,55.8,5.3
REL-2026-0015,HOSP-GVH-05,Green Valley Hospital,Electronic Health Record Service,v3.5.8,2026-09-18T05:30:00,708.3,57.4,12.01,98.11,4105,17.9,CRITICAL,100,CRITICAL,ROLLBACK RECOMMENDED (HIGH IMPACT CONFIRMATION REQUIRED),ROLLBACK,59.5,5.3
REL-2026-0016,HOSP-CGH-01,City General Hospital,Pharmacy Management Service,v4.2.8,2026-09-18T02:00:00,433.5,44.5,10.36,97.63,1664,44.5,HIGH,100,CRITICAL,ROLLBACK RECOMMENDED (HIGH IMPACT CONFIRMATION REQUIRED),ROLLBACK,41.4,6.2
REL-2026-0017,HOSP-SMMC-02,St. Mary's Medical Center,Radiology PACS,v5.14.1,2026-09-17T22:30:00,1063.2,32.9,4.71,99.36,8620,13.8,LOW,55,MEDIUM,HUMAN REVIEW,HUMAN REVIEW,43.8,4.1
REL-2026-0018,HOSP-LKH-03,Lakeside Hospital,Patient Billing & Scheduling,v5.7.4,2026-09-17T19:00:00,1066.4,33.3,4.68,99.22,2760,8.0,LOW,30,MEDIUM,HUMAN REVIEW,HUMAN REVIEW,36.5,4.9
REL-2026-0019,HOSP-MCH-04,Metro Care Hospital,Clinical Portal,v4.13.7,2026-09-17T15:30:00,1382.0,38.2,4.65,99.08,7240,9.5,MEDIUM,30,MEDIUM,HUMAN REVIEW,HUMAN REVIEW,36.0,3.6
REL-2026-0020,HOSP-GVH-05,Green Valley Hospital,Laboratory Application,v1.14.8,2026-09-17T12:00:00,1100.0,10.0,0.25,99.76,4950,1.0,LOW,0,LOW,CONTINUE,CONTINUE,18.1,2.8
REL-2026-0021,HOSP-CGH-01,City General Hospital,Electronic Health Record Service,v4.0.6,2026-09-17T08:30:00,339.6,13.2,1.29,99.74,4960,0.8,LOW,0,LOW,CONTINUE,CONTINUE,19.1,3.1
REL-2026-0022,HOSP-SMMC-02,St. Mary's Medical Center,Pharmacy Management Service,v5.1.5,2026-09-17T05:00:00,324.9,8.3,1.2,99.74,14505,3.3,LOW,0,LOW,CONTINUE,CONTINUE,18.8,2.8
REL-2026-0023,HOSP-LKH-03,Lakeside Hospital,Radiology PACS,v1.7.9,2026-09-17T01:30:00,500.9,11.3,0.32,99.54,9520,4.8,LOW,0,LOW,CONTINUE,CONTINUE,18.7,3.4
REL-2026-0024,HOSP-MCH-04,Metro Care Hospital,Patient Billing & Scheduling,v3.2.0,2026-09-16T22:00:00,1476.8,84.6,12.27,94.92,5720,42.8,CRITICAL,100,CRITICAL,ROLLBACK RECOMMENDED (HIGH IMPACT CONFIRMATION REQUIRED),ROLLBACK,45.6,5.0
REL-2026-0025,HOSP-GVH-05,Green Valley Hospital,Clinical Portal,v5.0.8,2026-09-16T18:30:00,1890.0,57.5,17.2,97.96,4712,41.1,CRITICAL,100,CRITICAL,ROLLBACK RECOMMENDED (HIGH IMPACT CONFIRMATION REQUIRED),ROLLBACK,46.7,5.1
REL-2026-0026,HOSP-CGH-01,City General Hospital,Laboratory Application,v4.8.0,2026-09-16T15:00:00,1152.8,44.1,12.64,96.72,11850,21.0,CRITICAL,100,CRITICAL,ROLLBACK RECOMMENDED (HIGH IMPACT CONFIRMATION REQUIRED),ROLLBACK,44.8,5.6
REL-2026-0027,HOSP-SMMC-02,St. Mary's Medical Center,Electronic Health Record Service,v1.11.9,2026-09-16T11:30:00,614.7,36.6,4.77,99.24,13560,9.6,MEDIUM,30,MEDIUM,HUMAN REVIEW,HUMAN REVIEW,41.5,3.7
REL-2026-0028,HOSP-LKH-03,Lakeside Hospital,Pharmacy Management Service,v5.13.9,2026-09-16T08:00:00,391.5,30.5,5.37,98.82,6896,13.8,MEDIUM,100,CRITICAL,ROLLBACK RECOMMENDED (HIGH IMPACT CONFIRMATION REQUIRED),HUMAN REVIEW,36.3,3.9
REL-2026-0029,HOSP-MCH-04,Metro Care Hospital,Radiology PACS,v1.15.3,2026-09-16T04:30:00,376.2,25.4,4.97,99.36,9000,10.0,LOW,0,LOW,CONTINUE,HUMAN REVIEW,37.1,4.7
REL-2026-0030,HOSP-GVH-05,Green Valley Hospital,Patient Billing & Scheduling,v5.12.8,2026-09-16T01:00:00,894.4,11.8,0.41,99.7,7736,3.3,LOW,0,LOW,CONTINUE,CONTINUE,20.0,2.6
REL-2026-0031,HOSP-CGH-01,City General Hospital,Clinical Portal,v1.12.9,2026-09-15T21:30:00,1369.2,14.1,0.47,99.71,14925,0.5,LOW,0,LOW,CONTINUE,CONTINUE,26.3,3.0
REL-2026-0032,HOSP-SMMC-02,St. Mary's Medical Center,Laboratory Application,v3.10.1,2026-09-15T18:00:00,1030.0,3.0,1.23,99.96,2898,3.4,LOW,0,LOW,CONTINUE,CONTINUE,26.4,2.8
REL-2026-0033,HOSP-LKH-03,Lakeside Hospital,Electronic Health Record Service,v3.12.8,2026-09-15T14:30:00,1168.8,-2.6,0.28,99.96,14685,2.1,LOW,0,LOW,CONTINUE,CONTINUE,25.6,3.9
REL-2026-0034,HOSP-MCH-04,Metro Care Hospital,Pharmacy Management Service,v3.10.1,2026-09-15T11:00:00,829.4,84.3,13.86,95.99,2181,27.3,HIGH,100,CRITICAL,ROLLBACK RECOMMENDED (HIGH IMPACT CONFIRMATION REQUIRED),ROLLBACK,51.9,6.0
REL-2026-0035,HOSP-GVH-05,Green Valley Hospital,Radiology PACS,v4.12.3,2026-09-15T07:30:00,625.0,38.9,17.81,97.46,6779,32.2,CRITICAL,100,CRITICAL,ROLLBACK RECOMMENDED (HIGH IMPACT CONFIRMATION REQUIRED),ROLLBACK,49.6,5.6
REL-2026-0036,HOSP-CGH-01,City General Hospital,Patient Billing & Scheduling,v5.10.7,2026-09-15T04:00:00,2439.6,103.3,14.35,96.51,10905,27.3,HIGH,100,CRITICAL,ROLLBACK RECOMMENDED (HIGH IMPACT CONFIRMATION REQUIRED),ROLLBACK,50.6,6.0
REL-2026-0037,HOSP-SMMC-02,St. Mary's Medical Center,Clinical Portal,v4.2.4,2026-09-15T00:30:00,612.9,36.2,4.45,98.95,7232,9.6,MEDIUM,50,MEDIUM,HUMAN REVIEW,HUMAN REVIEW,44.6,4.3
REL-2026-0038,HOSP-LKH-03,Lakeside Hospital,Laboratory Application,v4.1.3,2026-09-14T21:00:00,1514.4,26.2,3.8,98.89,8970,10.3,LOW,45,MEDIUM,HUMAN REVIEW,HUMAN REVIEW,34.1,4.1
REL-2026-0039,HOSP-MCH-04,Metro Care Hospital,Electronic Health Record Service,v5.7.7,2026-09-14T17:30:00,1382.0,38.2,4.65,99.37,13365,10.9,MEDIUM,55,MEDIUM,HUMAN REVIEW,HUMAN REVIEW,44.4,4.8
REL-2026-0040,HOSP-GVH-05,Green Valley Hospital,Pharmacy Management Service,v1.12.9,2026-09-14T14:00:00,1180.8,-1.6,1.05,99.58,14700,2.0,LOW,0,LOW,CONTINUE,CONTINUE,22.6,2.7
REL-2026-0041,HOSP-CGH-01,City General Hospital,Radiology PACS,v4.8.1,2026-09-14T10:30:00,1117.0,11.7,0.35,99.66,7896,1.3,LOW,0,LOW,CONTINUE,CONTINUE,22.5,3.0
REL-2026-0042,HOSP-SMMC-02,St. Mary's Medical Center,Patient Billing & Scheduling,v5.4.3,2026-09-14T07:00:00,444.1,-1.3,1.01,99.82,2883,3.9,LOW,0,LOW,CONTINUE,CONTINUE,26.7,3.9
REL-2026-0043,HOSP-LKH-03,Lakeside Hospital,Clinical Portal,v1.0.4,2026-09-14T03:30:00,457.2,1.6,0.46,99.8,7856,1.8,LOW,0,LOW,CONTINUE,CONTINUE,29.6,3.6
REL-2026-0044,HOSP-MCH-04,Metro Care Hospital,Laboratory Application,v1.11.8,2026-09-14T00:00:00,555.9,85.3,15.97,97.14,12000,20.0,CRITICAL,100,CRITICAL,ROLLBACK RECOMMENDED (HIGH IMPACT CONFIRMATION REQUIRED),ROLLBACK,59.7,5.5
REL-2026-0045,HOSP-GVH-05,Green Valley Hospital,Electronic Health Record Service,v2.8.9,2026-09-13T20:30:00,612.5,36.1,11.04,95.95,7180,28.2,CRITICAL,100,CRITICAL,ROLLBACK RECOMMENDED (HIGH IMPACT CONFIRMATION REQUIRED),ROLLBACK,54.7,6.1
REL-2026-0046,HOSP-CGH-01,City General Hospital,Pharmacy Management Service,v5.12.5,2026-09-13T17:00:00,1854.0,85.4,9.87,98.21,11984,20.1,CRITICAL,100,CRITICAL,ROLLBACK RECOMMENDED (HIGH IMPACT CONFIRMATION REQUIRED),ROLLBACK,60.4,4.6
REL-2026-0047,HOSP-SMMC-02,St. Mary's Medical Center,Radiology PACS,v2.13.7,2026-09-13T13:30:00,586.4,30.3,4.02,99.16,2709,9.7,MEDIUM,30,MEDIUM,HUMAN REVIEW,HUMAN REVIEW,41.4,4.3
REL-2026-0048,HOSP-LKH-03,Lakeside Hospital,Patient Billing & Scheduling,v5.11.6,2026-09-13T10:00:00,1317.0,31.7,3.53,99.04,13530,9.8,LOW,30,MEDIUM,HUMAN REVIEW,HUMAN REVIEW,37.7,4.4
REL-2026-0049,HOSP-MCH-04,Metro Care Hospital,Clinical Portal,v5.9.1,2026-09-13T06:30:00,1036.8,29.6,3.96,98.99,13155,12.3,LOW,45,MEDIUM,HUMAN REVIEW,HUMAN REVIEW,36.0,4.6
REL-2026-0050,HOSP-GVH-05,Green Valley Hospital,Laboratory Application,v1.0.9,2026-09-13T03:00:00,406.8,-9.6,0.85,99.98,9860,1.4,LOW,0,LOW,CONTINUE,CONTINUE,23.8,3.5
REL-2026-0051,HOSP-CGH-01,City General Hospital,Electronic Health Record Service,v2.4.9,2026-09-12T23:30:00,1369.2,14.1,0.45,99.56,2871,4.3,LOW,0,LOW,CONTINUE,CONTINUE,17.0,3.2
REL-2026-0052,HOSP-SMMC-02,St. Mary's Medical Center,Pharmacy Management Service,v4.9.9,2026-09-12T20:00:00,803.2,0.4,0.93,99.88,14535,3.1,LOW,0,LOW,CONTINUE,CONTINUE,21.4,3.9
REL-2026-0053,HOSP-LKH-03,Lakeside Hospital,Radiology PACS,v4.14.9,2026-09-12T16:30:00,490.9,9.1,0.98,99.54,2961,1.3,LOW,0,LOW,CONTINUE,CONTINUE,19.5,3.3
REL-2026-0054,HOSP-MCH-04,Metro Care Hospital,Patient Billing & Scheduling,v1.7.2,2026-09-12T13:00:00,715.5,59.0,16.32,95.05,8570,14.3,CRITICAL,100,CRITICAL,ROLLBACK RECOMMENDED (HIGH IMPACT CONFIRMATION REQUIRED),ROLLBACK,58.2,5.6
REL-2026-0055,HOSP-GVH-05,Green Valley Hospital,Clinical Portal,v5.15.7,2026-09-12T09:30:00,1611.0,61.1,14.99,95.3,5536,30.8,HIGH,100,CRITICAL,ROLLBACK RECOMMENDED (HIGH IMPACT CONFIRMATION REQUIRED),ROLLBACK,50.9,4.8
REL-2026-0056,HOSP-CGH-01,City General Hospital,Laboratory Application,v1.5.7,2026-09-12T06:00:00,1250.4,56.3,7.1,97.76,8445,43.7,HIGH,100,CRITICAL,ROLLBACK RECOMMENDED (HIGH IMPACT CONFIRMATION REQUIRED),ROLLBACK,63.1,5.7
REL-2026-0057,HOSP-SMMC-02,St. Mary's Medical Center,Electronic Health Record Service,v4.15.4,2026-09-12T02:30:00,591.8,31.5,5.13,99.08,6896,13.8,MEDIUM,85,CRITICAL,ROLLBACK RECOMMENDED (HIGH IMPACT CONFIRMATION REQUIRED),HUMAN REVIEW,38.1,4.5
REL-2026-0058,HOSP-LKH-03,Lakeside Hospital,Pharmacy Management Service,v2.11.9,2026-09-11T23:00:00,1298.0,29.8,5.44,99.11,2688,10.4,LOW,55,MEDIUM,HUMAN REVIEW,HUMAN REVIEW,43.0,4.3
REL-2026-0059,HOSP-MCH-04,Metro Care Hospital,Radiology PACS,v3.0.8,2026-09-11T19:30:00,571.5,27.0,4.08,99.09,4335,13.3,LOW,25,LOW,CONTINUE,HUMAN REVIEW,47.7,4.4
REL-2026-0060,HOSP-GVH-05,Green Valley Hospital,Patient Billing & Scheduling,v2.14.8,2026-09-11T16:00:00,929.0,-7.1,1.27,99.85,9750,2.5,LOW,0,LOW,CONTINUE,CONTINUE,21.1,2.9
REL-2026-0061,HOSP-CGH-01,City General Hospital,Clinical Portal,v5.15.2,2026-09-15T01:54:00,864.5,33.0,3.83,98.79,11125,11.0,HIGH,100,CRITICAL,ROLLBACK RECOMMENDED (HIGH IMPACT CONFIRMATION REQUIRED),HUMAN REVIEW,34.8,3.0
REL-2026-0062,HOSP-SMMC-02,St. Mary's Medical Center,Laboratory Application,v3.15.6,2026-09-14T23:48:00,908.1,0.9,0.84,99.87,2472,1.1,MEDIUM,0,LOW,CONTINUE,CONTINUE,20.7,3.5
REL-2026-0063,HOSP-LKH-03,Lakeside Hospital,Electronic Health Record Service,v4.8.5,2026-09-14T21:42:00,500.0,25.0,3.3,98.57,2220,11.2,MEDIUM,45,MEDIUM,HUMAN REVIEW,HUMAN REVIEW,30.3,3.2
REL-2026-0064,HOSP-MCH-04,Metro Care Hospital,Pharmacy Management Service,v1.13.1,2026-09-14T19:36:00,817.1,25.7,3.95,99.03,3576,10.6,HIGH,50,MEDIUM,HUMAN REVIEW,HUMAN REVIEW,30.6,3.1
REL-2026-0065,HOSP-GVH-05,Green Valley Hospital,Radiology PACS,v2.2.9,2026-09-14T17:30:00,385.6,-3.6,0.19,99.77,3912,2.2,LOW,0,LOW,CONTINUE,CONTINUE,23.0,3.0
REL-2026-0066,HOSP-CGH-01,City General Hospital,Patient Billing & Scheduling,v5.9.6,2026-09-14T15:24:00,845.1,-6.1,0.68,99.91,7492,0.1,LOW,0,LOW,CONTINUE,CONTINUE,25.2,2.3
REL-2026-0067,HOSP-SMMC-02,St. Mary's Medical Center,Clinical Portal,v1.1.9,2026-09-14T13:18:00,1094.4,21.6,4.14,98.71,6840,8.8,HIGH,45,MEDIUM,HUMAN REVIEW,HUMAN REVIEW,35.3,4.5
REL-2026-0068,HOSP-LKH-03,Lakeside Hospital,Laboratory Application,v4.1.9,2026-09-14T11:12:00,229.2,-8.3,0.66,99.9,7162,4.5,MEDIUM,0,LOW,CONTINUE,CONTINUE,27.6,3.1
REL-2026-0069,HOSP-MCH-04,Metro Care Hospital,Electronic Health Record Service,v3.10.1,2026-09-14T09:06:00,598.0,-8.0,1.98,99.74,9470,5.3,MEDIUM,0,LOW,CONTINUE,CONTINUE,28.7,3.5
REL-2026-0070,HOSP-GVH-05,Green Valley Hospital,Pharmacy Management Service,v3.12.5,2026-09-14T07:00:00,1743.3,93.7,13.72,96.43,5227,30.3,CRITICAL,100,CRITICAL,ROLLBACK RECOMMENDED (HIGH IMPACT CONFIRMATION REQUIRED),ROLLBACK,40.3,4.6
REL-2026-0071,HOSP-CGH-01,City General Hospital,Radiology PACS,v2.1.0,2026-09-14T04:54:00,1124.1,24.9,4.83,98.94,2245,10.2,MEDIUM,45,MEDIUM,HUMAN REVIEW,HUMAN REVIEW,46.4,3.5
REL-2026-0072,HOSP-SMMC-02,St. Mary's Medical Center,Patient Billing & Scheduling,v1.15.9,2026-09-14T02:48:00,394.4,-1.4,0.96,99.87,9430,5.7,MEDIUM,0,LOW,CONTINUE,CONTINUE,21.3,3.3
REL-2026-0073,HOSP-LKH-03,Lakeside Hospital,Clinical Portal,v3.6.1,2026-09-14T00:42:00,295.8,18.3,2.15,99.87,9940,0.6,MEDIUM,0,LOW,CONTINUE,CONTINUE,28.5,3.2
REL-2026-0074,HOSP-MCH-04,Metro Care Hospital,Laboratory Application,v2.7.5,2026-09-13T22:36:00,483.2,20.8,4.0,99.05,11012,11.9,LOW,25,LOW,CONTINUE,HUMAN REVIEW,31.2,4.1
REL-2026-0075,HOSP-GVH-05,Green Valley Hospital,Electronic Health Record Service,v2.8.0,2026-09-13T20:30:00,733.9,12.9,0.32,99.65,2370,5.2,LOW,0,LOW,CONTINUE,CONTINUE,26.8,2.4
REL-2026-0076,HOSP-CGH-01,City General Hospital,Pharmacy Management Service,v4.0.0,2026-09-13T18:24:00,1234.2,12.2,1.31,99.8,7447,0.7,MEDIUM,0,LOW,CONTINUE,CONTINUE,15.7,3.4
REL-2026-0077,HOSP-SMMC-02,St. Mary's Medical Center,Radiology PACS,v4.9.7,2026-09-13T16:18:00,1758.9,59.9,13.14,95.58,6097,18.7,HIGH,100,CRITICAL,ROLLBACK RECOMMENDED (HIGH IMPACT CONFIRMATION REQUIRED),ROLLBACK,46.1,4.8
REL-2026-0078,HOSP-LKH-03,Lakeside Hospital,Patient Billing & Scheduling,v1.10.6,2026-09-13T14:12:00,1685.7,87.3,10.19,96.68,6819,31.8,HIGH,100,CRITICAL,ROLLBACK RECOMMENDED (HIGH IMPACT CONFIRMATION REQUIRED),ROLLBACK,49.1,5.2
REL-2026-0079,HOSP-MCH-04,Metro Care Hospital,Clinical Portal,v5.10.1,2026-09-13T12:06:00,970.2,-11.8,0.26,99.89,12175,2.6,LOW,0,LOW,CONTINUE,CONTINUE,27.2,3.0
REL-2026-0080,HOSP-GVH-05,Green Valley Hospital,Laboratory Application,v1.8.9,2026-09-13T10:00:00,1054.9,-4.1,0.3,99.66,7275,3.0,LOW,0,LOW,CONTINUE,CONTINUE,18.4,2.2
REL-2026-0081,HOSP-CGH-01,City General Hospital,Electronic Health Record Service,v1.5.2,2026-09-13T07:54:00,869.0,33.7,13.4,96.04,5182,30.9,HIGH,100,CRITICAL,ROLLBACK RECOMMENDED (HIGH IMPACT CONFIRMATION REQUIRED),ROLLBACK,46.0,5.0
REL-2026-0082,HOSP-SMMC-02,St. Mary's Medical Center,Pharmacy Management Service,v1.1.2,2026-09-13T05:48:00,1335.4,21.4,4.59,98.82,11387,8.9,LOW,20,LOW,CONTINUE,HUMAN REVIEW,36.7,4.1
REL-2026-0083,HOSP-LKH-03,Lakeside Hospital,Radiology PACS,v5.9.0,2026-09-13T03:42:00,1168.2,6.2,1.06,99.8,9870,1.3,LOW,0,LOW,CONTINUE,CONTINUE,21.4,2.5
REL-2026-0084,HOSP-MCH-04,Metro Care Hospital,Patient Billing & Scheduling,v5.7.8,2026-09-13T01:36:00,369.6,-7.6,0.39,99.73,9850,1.5,LOW,0,LOW,CONTINUE,CONTINUE,22.5,2.8
REL-2026-0085,HOSP-GVH-05,Green Valley Hospital,Clinical Portal,v4.0.5,2026-09-12T23:30:00,557.0,-14.3,2.31,99.82,2370,5.2,MEDIUM,0,LOW,CONTINUE,CONTINUE,21.1,3.2
REL-2026-0086,HOSP-CGH-01,City General Hospital,Laboratory Application,v5.3.8,2026-09-12T21:24:00,400.8,0.2,1.03,99.94,2487,0.5,MEDIUM,0,LOW,CONTINUE,CONTINUE,20.1,2.6
REL-2026-0087,HOSP-SMMC-02,St. Mary's Medical Center,Electronic Health Record Service,v4.14.9,2026-09-12T19:18:00,733.2,83.3,7.51,95.77,8550,14.5,HIGH,100,CRITICAL,ROLLBACK RECOMMENDED (HIGH IMPACT CONFIRMATION REQUIRED),ROLLBACK,56.7,4.8
REL-2026-0088,HOSP-LKH-03,Lakeside Hospital,Pharmacy Management Service,v3.2.1,2026-09-12T17:12:00,267.8,7.1,2.0,99.74,7237,3.5,LOW,0,LOW,CONTINUE,CONTINUE,19.7,2.8
REL-2026-0089,HOSP-MCH-04,Metro Care Hospital,Radiology PACS,v1.10.1,2026-09-12T15:06:00,471.0,88.4,9.32,97.54,6959,30.4,CRITICAL,100,CRITICAL,ROLLBACK RECOMMENDED (HIGH IMPACT CONFIRMATION REQUIRED),ROLLBACK,53.3,4.5
REL-2026-0090,HOSP-GVH-05,Green Valley Hospital,Patient Billing & Scheduling,v3.2.5,2026-09-12T13:00:00,1406.9,27.9,4.83,99.14,2280,8.8,MEDIUM,0,LOW,CONTINUE,HUMAN REVIEW,37.4,3.5
REL-2026-0091,HOSP-CGH-01,City General Hospital,Clinical Portal,v5.2.4,2026-09-12T10:54:00,1701.9,89.1,12.92,97.27,3240,19.0,HIGH,100,CRITICAL,ROLLBACK RECOMMENDED (HIGH IMPACT CONFIRMATION REQUIRED),ROLLBACK,60.2,4.1
REL-2026-0092,HOSP-SMMC-02,St. Mary's Medical Center,Laboratory Application,v2.10.7,2026-09-12T08:48:00,1160.2,78.5,11.33,97.52,3056,23.6,CRITICAL,100,CRITICAL,ROLLBACK RECOMMENDED (HIGH IMPACT CONFIRMATION REQUIRED),ROLLBACK,51.2,3.5
REL-2026-0093,HOSP-LKH-03,Lakeside Hospital,Electronic Health Record Service,v5.12.2,2026-09-12T06:42:00,1522.4,38.4,12.05,98.45,2760,31.0,HIGH,100,CRITICAL,ROLLBACK RECOMMENDED (HIGH IMPACT CONFIRMATION REQUIRED),ROLLBACK,54.6,5.3
REL-2026-0094,HOSP-MCH-04,Metro Care Hospital,Pharmacy Management Service,v4.6.5,2026-09-12T04:36:00,391.2,-2.2,1.81,99.84,7065,5.8,MEDIUM,0,LOW,CONTINUE,CONTINUE,26.8,2.4
REL-2026-0095,HOSP-GVH-05,Green Valley Hospital,Radiology PACS,v1.3.4,2026-09-12T02:30:00,648.0,-0.3,0.45,99.84,12350,1.2,LOW,0,LOW,CONTINUE,CONTINUE,15.8,2.9
REL-2026-0096,HOSP-CGH-01,City General Hospital,Patient Billing & Scheduling,v3.7.6,2026-09-12T00:24:00,902.7,0.3,2.37,99.78,12337,1.3,LOW,0,LOW,CONTINUE,CONTINUE,29.0,2.7
REL-2026-0097,HOSP-SMMC-02,St. Mary's Medical Center,Clinical Portal,v5.0.1,2026-09-11T22:18:00,990.0,10.0,0.87,99.61,9910,0.9,LOW,0,LOW,CONTINUE,CONTINUE,25.4,2.2
REL-2026-0098,HOSP-LKH-03,Lakeside Hospital,Laboratory Application,v1.3.7,2026-09-11T20:12:00,1817.2,65.2,6.45,96.17,8210,17.9,HIGH,100,CRITICAL,ROLLBACK RECOMMENDED (HIGH IMPACT CONFIRMATION REQUIRED),ROLLBACK,45.2,4.8
REL-2026-0099,HOSP-MCH-04,Metro Care Hospital,Electronic Health Record Service,v5.0.6,2026-09-11T18:06:00,650.0,0.0,1.56,99.76,2465,1.4,MEDIUM,0,LOW,CONTINUE,CONTINUE,25.0,2.9
REL-2026-0100,HOSP-GVH-05,Green Valley Hospital,Pharmacy Management Service,v5.10.2,2026-09-11T16:00:00,281.5,12.6,0.89,99.85,7170,4.4,MEDIUM,0,LOW,CONTINUE,CONTINUE,26.0,2.6
REL-2026-0101,HOSP-CGH-01,City General Hospital,Radiology PACS,v4.8.0,2026-09-11T13:54:00,1447.2,60.8,7.99,95.78,10987,12.1,HIGH,100,CRITICAL,ROLLBACK RECOMMENDED (HIGH IMPACT CONFIRMATION REQUIRED),ROLLBACK,46.9,4.1
REL-2026-0102,HOSP-SMMC-02,St. Mary's Medical Center,Patient Billing & Scheduling,v5.8.1,2026-09-11T11:48:00,804.6,-10.6,0.95,99.89,7102,5.3,LOW,0,LOW,CONTINUE,CONTINUE,20.1,2.3
REL-2026-0103,HOSP-LKH-03,Lakeside Hospital,Clinical Portal,v4.1.5,2026-09-11T09:42:00,857.7,-4.7,0.3,99.72,7350,2.0,LOW,0,LOW,CONTINUE,CONTINUE,24.0,2.8
REL-2026-0104,HOSP-MCH-04,Metro Care Hospital,Laboratory Application,v1.4.1,2026-09-11T07:36:00,1332.1,21.1,4.91,99.06,9120,8.8,HIGH,25,LOW,CONTINUE,HUMAN REVIEW,32.9,3.0
REL-2026-0105,HOSP-GVH-05,Green Valley Hospital,Electronic Health Record Service,v3.7.1,2026-09-11T05:30:00,813.6,-9.6,1.15,99.77,7335,2.2,LOW,0,LOW,CONTINUE,CONTINUE,23.6,3.0
REL-2026-0106,HOSP-CGH-01,City General Hospital,Pharmacy Management Service,v2.2.7,2026-09-11T03:24:00,376.8,-5.8,0.69,99.99,2432,2.7,LOW,0,LOW,CONTINUE,CONTINUE,25.4,3.8
REL-2026-0107,HOSP-SMMC-02,St. Mary's Medical Center,Radiology PACS,v5.7.1,2026-09-11T01:18:00,520.0,30.0,5.13,98.7,6772,9.7,MEDIUM,50,MEDIUM,HUMAN REVIEW,HUMAN REVIEW,45.3,4.1
REL-2026-0108,HOSP-LKH-03,Lakeside Hospital,Patient Billing & Scheduling,v4.13.9,2026-09-10T23:12:00,881.1,-2.1,2.02,99.84,12087,3.3,LOW,0,LOW,CONTINUE,CONTINUE,16.0,2.7
REL-2026-0109,HOSP-MCH-04,Metro Care Hospital,Clinical Portal,v1.3.8,2026-09-10T21:06:00,927.9,3.1,0.36,99.82,11875,5.0,MEDIUM,0,LOW,CONTINUE,CONTINUE,17.7,3.7
REL-2026-0110,HOSP-GVH-05,Green Valley Hospital,Laboratory Application,v3.2.8,2026-09-10T19:00:00,999.7,53.8,13.5,98.3,2700,32.5,CRITICAL,100,CRITICAL,ROLLBACK RECOMMENDED (HIGH IMPACT CONFIRMATION REQUIRED),ROLLBACK,44.3,5.4
REL-2026-0111,HOSP-CGH-01,City General Hospital,Electronic Health Record Service,v2.13.9,2026-09-10T16:54:00,1376.1,25.1,5.77,99.1,6959,7.2,LOW,30,MEDIUM,HUMAN REVIEW,HUMAN REVIEW,30.8,4.0
REL-2026-0112,HOSP-SMMC-02,St. Mary's Medical Center,Pharmacy Management Service,v2.10.9,2026-09-10T14:48:00,842.4,-6.4,2.03,99.78,9760,2.4,MEDIUM,0,LOW,CONTINUE,CONTINUE,15.9,2.8
REL-2026-0113,HOSP-LKH-03,Lakeside Hospital,Radiology PACS,v1.1.4,2026-09-10T12:42:00,396.0,-1.0,1.91,99.64,3876,3.1,LOW,0,LOW,CONTINUE,CONTINUE,22.0,2.5
REL-2026-0114,HOSP-MCH-04,Metro Care Hospital,Patient Billing & Scheduling,v4.14.3,2026-09-10T10:36:00,327.0,30.8,3.57,99.2,2305,7.8,MEDIUM,30,MEDIUM,HUMAN REVIEW,HUMAN REVIEW,39.0,3.5
REL-2026-0115,HOSP-GVH-05,Green Valley Hospital,Clinical Portal,v3.1.6,2026-09-10T08:30:00,744.2,14.5,1.7,99.6,9830,1.7,LOW,0,LOW,CONTINUE,CONTINUE,21.5,3.6
REL-2026-0116,HOSP-CGH-01,City General Hospital,Laboratory Application,v3.11.2,2026-09-10T06:24:00,907.2,0.8,1.4,99.84,7125,5.0,MEDIUM,0,LOW,CONTINUE,CONTINUE,16.8,3.8
REL-2026-0117,HOSP-SMMC-02,St. Mary's Medical Center,Electronic Health Record Service,v4.9.9,2026-09-10T04:18:00,628.5,-3.3,1.21,99.84,3892,2.7,MEDIUM,0,LOW,CONTINUE,CONTINUE,17.1,3.7
REL-2026-0118,HOSP-LKH-03,Lakeside Hospital,Pharmacy Management Service,v3.7.0,2026-09-10T02:12:00,1062.6,-3.4,0.32,99.72,9750,2.5,MEDIUM,0,LOW,CONTINUE,CONTINUE,28.1,3.1
REL-2026-0119,HOSP-MCH-04,Metro Care Hospital,Radiology PACS,v4.6.6,2026-09-10T00:06:00,1665.0,85.0,6.76,95.12,2908,27.3,HIGH,100,CRITICAL,ROLLBACK RECOMMENDED (HIGH IMPACT CONFIRMATION REQUIRED),ROLLBACK,44.2,4.4
REL-2026-0120,HOSP-GVH-05,Green Valley Hospital,Patient Billing & Scheduling,v3.15.3,2026-09-09T22:00:00,1060.4,-3.6,1.67,99.72,7260,3.2,LOW,0,LOW,CONTINUE,CONTINUE,21.9,3.0
REL-2026-0121,HOSP-CGH-01,City General Hospital,Clinical Portal,v1.12.6,2026-09-09T19:54:00,809.3,24.5,3.87,98.99,6900,8.0,MEDIUM,20,LOW,CONTINUE,HUMAN REVIEW,38.6,3.8
REL-2026-0122,HOSP-SMMC-02,St. Mary's Medical Center,Laboratory Application,v2.3.9,2026-09-09T17:48:00,1691.8,53.8,9.26,96.87,6210,17.2,HIGH,100,CRITICAL,ROLLBACK RECOMMENDED (HIGH IMPACT CONFIRMATION REQUIRED),ROLLBACK,58.2,4.0
REL-2026-0123,HOSP-LKH-03,Lakeside Hospital,Electronic Health Record Service,v4.15.7,2026-09-09T15:42:00,1180.3,7.3,0.18,99.88,3900,2.5,LOW,0,LOW,CONTINUE,CONTINUE,25.2,2.2
REL-2026-0124,HOSP-MCH-04,Metro Care Hospital,Pharmacy Management Service,v4.15.2,2026-09-09T13:36:00,485.2,21.3,4.72,99.01,2257,9.7,LOW,0,LOW,CONTINUE,HUMAN REVIEW,46.4,3.3
REL-2026-0125,HOSP-GVH-05,Green Valley Hospital,Radiology PACS,v3.6.1,2026-09-09T11:30:00,1313.4,19.4,0.75,99.81,9410,5.9,LOW,0,LOW,CONTINUE,CONTINUE,28.3,2.2
REL-2026-0126,HOSP-CGH-01,City General Hospital,Patient Billing & Scheduling,v5.10.1,2026-09-09T09:24:00,997.2,10.8,1.99,99.9,9660,3.4,LOW,0,LOW,CONTINUE,CONTINUE,24.2,3.1
REL-2026-0127,HOSP-SMMC-02,St. Mary's Medical Center,Clinical Portal,v3.7.0,2026-09-09T07:18:00,300.2,20.1,4.15,98.69,6810,9.2,MEDIUM,20,LOW,CONTINUE,HUMAN REVIEW,35.4,4.1
REL-2026-0128,HOSP-LKH-03,Lakeside Hospital,Laboratory Application,v2.14.9,2026-09-09T05:12:00,465.2,16.3,1.77,99.65,9810,1.9,LOW,0,LOW,CONTINUE,CONTINUE,20.5,2.4
REL-2026-0129,HOSP-MCH-04,Metro Care Hospital,Electronic Health Record Service,v5.3.0,2026-09-09T03:06:00,1196.0,84.0,11.98,97.32,1817,27.3,HIGH,100,CRITICAL,ROLLBACK RECOMMENDED (HIGH IMPACT CONFIRMATION REQUIRED),ROLLBACK,51.6,4.6
REL-2026-0130,HOSP-GVH-05,Green Valley Hospital,Pharmacy Management Service,v2.13.7,2026-09-09T01:00:00,258.0,3.2,0.33,99.83,9880,1.2,LOW,0,LOW,CONTINUE,CONTINUE,28.5,2.8
REL-2026-0131,HOSP-CGH-01,City General Hospital,Radiology PACS,v1.2.7,2026-09-08T22:54:00,214.5,-14.2,0.67,99.68,12500,0.0,LOW,0,LOW,CONTINUE,CONTINUE,15.7,2.6
REL-2026-0132,HOSP-SMMC-02,St. Mary's Medical Center,Patient Billing & Scheduling,v1.4.5,2026-09-08T20:48:00,1742.4,93.6,10.99,98.87,7889,21.1,CRITICAL,100,CRITICAL,ROLLBACK RECOMMENDED (HIGH IMPACT CONFIRMATION REQUIRED),ROLLBACK,49.9,5.3
REL-2026-0133,HOSP-LKH-03,Lakeside Hospital,Clinical Portal,v3.4.4,2026-09-08T18:42:00,584.0,46.0,5.53,96.16,8850,11.5,CRITICAL,100,CRITICAL,ROLLBACK RECOMMENDED (HIGH IMPACT CONFIRMATION REQUIRED),ROLLBACK,51.7,5.1
REL-2026-0134,HOSP-MCH-04,Metro Care Hospital,Laboratory Application,v1.12.7,2026-09-08T16:36:00,469.2,87.7,5.63,95.39,3364,15.9,HIGH,100,CRITICAL,ROLLBACK RECOMMENDED (HIGH IMPACT CONFIRMATION REQUIRED),ROLLBACK,49.8,4.8
REL-2026-0135,HOSP-GVH-05,Green Valley Hospital,Electronic Health Record Service,v2.13.4,2026-09-08T14:30:00,454.4,13.6,1.84,99.83,12262,1.9,MEDIUM,0,LOW,CONTINUE,CONTINUE,27.3,2.4
REL-2026-0136,HOSP-CGH-01,City General Hospital,Pharmacy Management Service,v4.4.4,2026-09-08T12:24:00,841.1,29.4,4.28,99.18,9050,9.5,HIGH,25,LOW,CONTINUE,HUMAN REVIEW,42.1,4.2
REL-2026-0137,HOSP-SMMC-02,St. Mary's Medical Center,Radiology PACS,v2.8.3,2026-09-08T10:18:00,460.0,15.0,0.4,99.62,9720,2.8,LOW,0,LOW,CONTINUE,CONTINUE,29.5,3.0
REL-2026-0138,HOSP-LKH-03,Lakeside Hospital,Patient Billing & Scheduling,v4.6.5,2026-09-08T08:12:00,1584.0,44.0,7.78,97.35,2912,27.2,HIGH,100,CRITICAL,ROLLBACK RECOMMENDED (HIGH IMPACT CONFIRMATION REQUIRED),ROLLBACK,44.1,5.0
REL-2026-0139,HOSP-MCH-04,Metro Care Hospital,Clinical Portal,v4.14.8,2026-09-08T06:06:00,780.0,20.0,1.22,99.84,7387,1.5,LOW,0,LOW,CONTINUE,CONTINUE,20.9,2.4
REL-2026-0140,HOSP-GVH-05,Green Valley Hospital,Laboratory Application,v2.0.4,2026-09-08T04:00:00,973.5,-11.5,2.45,99.93,3888,2.8,LOW,0,LOW,CONTINUE,CONTINUE,20.6,2.7
REL-2026-0141,HOSP-CGH-01,City General Hospital,Electronic Health Record Service,v2.11.2,2026-09-08T01:54:00,944.1,4.9,0.65,99.97,9670,3.3,LOW,0,LOW,CONTINUE,CONTINUE,18.9,3.5
REL-2026-0142,HOSP-SMMC-02,St. Mary's Medical Center,Pharmacy Management Service,v2.0.3,2026-09-07T23:48:00,511.6,27.9,5.52,99.07,2315,7.4,LOW,30,MEDIUM,HUMAN REVIEW,HUMAN REVIEW,43.8,3.6
REL-2026-0143,HOSP-LKH-03,Lakeside Hospital,Radiology PACS,v3.0.8,2026-09-07T21:42:00,1110.2,70.8,9.61,95.03,9662,22.7,CRITICAL,100,CRITICAL,ROLLBACK RECOMMENDED (HIGH IMPACT CONFIRMATION REQUIRED),ROLLBACK,40.3,4.6
REL-2026-0144,HOSP-MCH-04,Metro Care Hospital,Patient Billing & Scheduling,v2.9.1,2026-09-07T19:36:00,1173.7,6.7,0.67,99.91,3916,2.1,LOW,0,LOW,CONTINUE,CONTINUE,20.6,2.7
REL-2026-0145,HOSP-GVH-05,Green Valley Hospital,Clinical Portal,v1.7.3,2026-09-07T17:30:00,268.2,7.3,1.77,99.93,12437,0.5,MEDIUM,0,LOW,CONTINUE,CONTINUE,26.8,3.0
REL-2026-0146,HOSP-CGH-01,City General Hospital,Laboratory Application,v1.9.2,2026-09-07T15:24:00,598.8,49.7,10.12,95.7,7320,26.8,CRITICAL,100,CRITICAL,ROLLBACK RECOMMENDED (HIGH IMPACT CONFIRMATION REQUIRED),ROLLBACK,40.3,3.9
REL-2026-0147,HOSP-SMMC-02,St. Mary's Medical Center,Electronic Health Record Service,v4.7.1,2026-09-07T13:18:00,246.0,-1.6,1.86,99.87,2382,4.7,LOW,0,LOW,CONTINUE,CONTINUE,22.5,3.8
REL-2026-0148,HOSP-LKH-03,Lakeside Hospital,Pharmacy Management Service,v3.7.1,2026-09-07T11:12:00,401.0,60.4,7.44,96.46,9462,24.3,HIGH,100,CRITICAL,ROLLBACK RECOMMENDED (HIGH IMPACT CONFIRMATION REQUIRED),ROLLBACK,55.0,4.8
REL-2026-0149,HOSP-MCH-04,Metro Care Hospital,Radiology PACS,v1.5.6,2026-09-07T09:06:00,446.5,78.6,8.19,95.02,3456,13.6,CRITICAL,100,CRITICAL,ROLLBACK RECOMMENDED (HIGH IMPACT CONFIRMATION REQUIRED),ROLLBACK,49.8,5.0
REL-2026-0150,HOSP-GVH-05,Green Valley Hospital,Patient Billing & Scheduling,v5.5.6,2026-09-07T07:00:00,1164.9,5.9,1.97,99.6,3792,5.2,LOW,0,LOW,CONTINUE,CONTINUE,20.8,2.2
REL-2026-0151,HOSP-CGH-01,City General Hospital,Clinical Portal,v5.6.7,2026-09-07T04:54:00,818.1,-9.1,0.73,99.91,12275,1.8,LOW,0,LOW,CONTINUE,CONTINUE,18.8,2.4
REL-2026-0152,HOSP-SMMC-02,St. Mary's Medical Center,Laboratory Application,v2.15.5,2026-09-07T02:48:00,693.5,6.7,2.02,99.73,12250,2.0,MEDIUM,0,LOW,CONTINUE,CONTINUE,29.6,2.2
REL-2026-0153,HOSP-LKH-03,Lakeside Hospital,Electronic Health Record Service,v5.5.8,2026-09-07T00:42:00,772.0,93.0,12.15,96.09,10150,18.8,CRITICAL,100,CRITICAL,ROLLBACK RECOMMENDED (HIGH IMPACT CONFIRMATION REQUIRED),ROLLBACK,48.0,5.4
REL-2026-0154,HOSP-MCH-04,Metro Care Hospital,Pharmacy Management Service,v4.2.7,2026-09-06T22:36:00,545.6,36.4,12.71,97.62,6990,30.1,HIGH,100,CRITICAL,ROLLBACK RECOMMENDED (HIGH IMPACT CONFIRMATION REQUIRED),ROLLBACK,53.9,4.0
REL-2026-0155,HOSP-GVH-05,Green Valley Hospital,Radiology PACS,v2.11.2,2026-09-06T20:30:00,332.5,33.0,4.25,99.18,2320,7.2,HIGH,55,MEDIUM,HUMAN REVIEW,HUMAN REVIEW,46.1,3.8
REL-2026-0156,HOSP-CGH-01,City General Hospital,Patient Billing & Scheduling,v5.7.7,2026-09-06T18:24:00,1224.3,11.3,2.42,99.6,12175,2.6,LOW,0,LOW,CONTINUE,CONTINUE,18.3,3.3
REL-2026-0157,HOSP-SMMC-02,St. Mary's Medical Center,Clinical Portal,v3.10.7,2026-09-06T16:18:00,388.4,-2.9,0.11,99.76,7455,0.6,LOW,0,LOW,CONTINUE,CONTINUE,16.7,3.7
REL-2026-0158,HOSP-LKH-03,Lakeside Hospital,Laboratory Application,v5.5.8,2026-09-06T14:12:00,642.0,60.5,6.07,97.77,3516,12.1,HIGH,100,CRITICAL,ROLLBACK RECOMMENDED (HIGH IMPACT CONFIRMATION REQUIRED),ROLLBACK,58.7,4.8
REL-2026-0159,HOSP-MCH-04,Metro Care Hospital,Electronic Health Record Service,v4.12.0,2026-09-06T12:06:00,892.8,-0.8,0.5,99.77,12025,3.8,LOW,0,LOW,CONTINUE,CONTINUE,26.1,3.6
REL-2026-0160,HOSP-GVH-05,Green Valley Hospital,Pharmacy Management Service,v3.12.9,2026-09-06T10:00:00,797.4,-11.4,2.19,99.73,12362,1.1,LOW,0,LOW,CONTINUE,CONTINUE,16.7,3.2
REL-2026-0161,HOSP-CGH-01,City General Hospital,Radiology PACS,v1.5.5,2026-09-06T07:54:00,733.2,83.3,11.5,97.4,6142,18.1,HIGH,100,CRITICAL,ROLLBACK RECOMMENDED (HIGH IMPACT CONFIRMATION REQUIRED),ROLLBACK,54.8,4.1
REL-2026-0162,HOSP-SMMC-02,St. Mary's Medical Center,Patient Billing & Scheduling,v3.14.9,2026-09-06T05:48:00,366.0,-8.5,1.61,99.85,3832,4.2,LOW,0,LOW,CONTINUE,CONTINUE,23.3,2.9
REL-2026-0163,HOSP-LKH-03,Lakeside Hospital,Clinical Portal,v5.0.3,2026-09-06T03:42:00,770.8,92.7,9.8,97.67,1927,22.9,CRITICAL,100,CRITICAL,ROLLBACK RECOMMENDED (HIGH IMPACT CONFIRMATION REQUIRED),ROLLBACK,55.6,4.4
REL-2026-0164,HOSP-MCH-04,Metro Care Hospital,Laboratory Application,v5.1.7,2026-09-06T01:36:00,1111.0,1.0,1.87,99.81,7155,4.6,LOW,0,LOW,CONTINUE,CONTINUE,23.6,2.5
REL-2026-0165,HOSP-GVH-05,Green Valley Hospital,Electronic Health Record Service,v5.11.9,2026-09-05T23:30:00,590.4,47.6,12.94,96.02,3528,11.8,HIGH,100,CRITICAL,ROLLBACK RECOMMENDED (HIGH IMPACT CONFIRMATION REQUIRED),ROLLBACK,49.7,5.5
REL-2026-0166,HOSP-CGH-01,City General Hospital,Pharmacy Management Service,v3.3.2,2026-09-05T21:24:00,1187.5,82.7,10.35,97.33,9525,23.8,HIGH,100,CRITICAL,ROLLBACK RECOMMENDED (HIGH IMPACT CONFIRMATION REQUIRED),ROLLBACK,47.1,4.9
REL-2026-0167,HOSP-SMMC-02,St. Mary's Medical Center,Radiology PACS,v4.14.1,2026-09-05T19:18:00,804.1,23.7,5.13,99.03,8890,11.1,HIGH,80,CRITICAL,ROLLBACK RECOMMENDED (HIGH IMPACT CONFIRMATION REQUIRED),HUMAN REVIEW,37.1,3.2
REL-2026-0168,HOSP-LKH-03,Lakeside Hospital,Patient Billing & Scheduling,v5.12.3,2026-09-05T17:12:00,815.7,25.5,5.85,98.5,2285,8.6,HIGH,75,HIGH,ROLLBACK RECOMMENDED,HUMAN REVIEW,31.7,4.5
REL-2026-0169,HOSP-MCH-04,Metro Care Hospital,Clinical Portal,v1.5.7,2026-09-05T15:06:00,937.8,4.2,0.37,99.91,2372,5.1,MEDIUM,0,LOW,CONTINUE,CONTINUE,26.4,2.1
REL-2026-0170,HOSP-GVH-05,Green Valley Hospital,Laboratory Application,v1.12.4,2026-09-05T13:00:00,865.8,33.2,3.91,99.11,3544,11.4,LOW,55,MEDIUM,HUMAN REVIEW,HUMAN REVIEW,41.8,3.4
REL-2026-0171,HOSP-CGH-01,City General Hospital,Electronic Health Record Service,v4.2.3,2026-09-05T10:54:00,789.3,-12.3,1.5,99.77,3876,3.1,LOW,0,LOW,CONTINUE,CONTINUE,25.4,3.5
REL-2026-0172,HOSP-SMMC-02,St. Mary's Medical Center,Pharmacy Management Service,v2.14.5,2026-09-05T08:48:00,305.2,22.1,5.32,98.59,11150,10.8,HIGH,100,CRITICAL,ROLLBACK RECOMMENDED (HIGH IMPACT CONFIRMATION REQUIRED),HUMAN REVIEW,32.6,3.8
REL-2026-0173,HOSP-LKH-03,Lakeside Hospital,Radiology PACS,v3.2.3,2026-09-05T06:42:00,485.2,21.3,3.3,98.91,3568,10.8,MEDIUM,45,MEDIUM,HUMAN REVIEW,HUMAN REVIEW,36.3,3.6
REL-2026-0174,HOSP-MCH-04,Metro Care Hospital,Patient Billing & Scheduling,v1.0.5,2026-09-05T04:36:00,955.8,6.2,0.51,99.85,12200,2.4,LOW,0,LOW,CONTINUE,CONTINUE,22.4,2.2
REL-2026-0175,HOSP-GVH-05,Green Valley Hospital,Clinical Portal,v4.9.8,2026-09-05T02:30:00,227.5,-9.0,1.2,99.63,2352,5.9,MEDIUM,0,LOW,CONTINUE,CONTINUE,16.0,2.5
REL-2026-0176,HOSP-CGH-01,City General Hospital,Laboratory Application,v4.7.0,2026-09-05T00:24:00,225.8,-9.7,0.25,99.96,7462,0.5,LOW,0,LOW,CONTINUE,CONTINUE,23.0,2.7
REL-2026-0177,HOSP-SMMC-02,St. Mary's Medical Center,Electronic Health Record Service,v5.8.2,2026-09-04T22:18:00,984.8,51.5,11.8,95.47,8900,28.8,HIGH,100,CRITICAL,ROLLBACK RECOMMENDED (HIGH IMPACT CONFIRMATION REQUIRED),ROLLBACK,55.4,3.8
REL-2026-0178,HOSP-LKH-03,Lakeside Hospital,Pharmacy Management Service,v5.5.5,2026-09-04T20:12:00,334.5,33.8,12.36,95.25,8250,17.5,HIGH,100,CRITICAL,ROLLBACK RECOMMENDED (HIGH IMPACT CONFIRMATION REQUIRED),ROLLBACK,50.9,4.5
REL-2026-0179,HOSP-MCH-04,Metro Care Hospital,Radiology PACS,v1.13.3,2026-09-04T18:06:00,443.6,10.9,0.06,99.6,3792,5.2,LOW,0,LOW,CONTINUE,CONTINUE,22.1,2.7
REL-2026-0180,HOSP-GVH-05,Green Valley Hospital,Patient Billing & Scheduling,v4.9.4,2026-09-04T16:00:00,1512.0,68.0,6.51,95.21,1820,27.2,HIGH,100,CRITICAL,ROLLBACK RECOMMENDED (HIGH IMPACT CONFIRMATION REQUIRED),ROLLBACK,57.7,5.5
REL-2026-0181,HOSP-CGH-01,City General Hospital,Clinical Portal,v2.4.0,2026-09-04T13:54:00,418.8,4.7,0.79,99.78,12037,3.7,MEDIUM,0,LOW,CONTINUE,CONTINUE,29.6,3.8
REL-2026-0182,HOSP-SMMC-02,St. Mary's Medical Center,Laboratory Application,v4.1.2,2026-09-04T11:48:00,749.2,87.3,13.58,97.56,8900,11.0,CRITICAL,100,CRITICAL,ROLLBACK RECOMMENDED (HIGH IMPACT CONFIRMATION REQUIRED),ROLLBACK,42.3,4.6
REL-2026-0183,HOSP-LKH-03,Lakeside Hospital,Electronic Health Record Service,v5.1.6,2026-09-04T09:42:00,985.5,9.5,0.96,99.63,2355,5.8,LOW,0,LOW,CONTINUE,CONTINUE,22.6,3.1
REL-2026-0184,HOSP-MCH-04,Metro Care Hospital,Pharmacy Management Service,v2.3.2,2026-09-04T07:36:00,1384.9,25.9,5.5,98.82,2285,8.6,LOW,50,MEDIUM,HUMAN REVIEW,HUMAN REVIEW,31.3,3.3
REL-2026-0185,HOSP-GVH-05,Green Valley Hospital,Radiology PACS,v2.10.2,2026-09-04T05:30:00,1232.0,12.0,1.16,99.93,2430,2.8,LOW,0,LOW,CONTINUE,CONTINUE,17.4,3.2
REL-2026-0186,HOSP-CGH-01,City General Hospital,Patient Billing & Scheduling,v1.4.1,2026-09-04T03:24:00,371.0,48.4,13.92,96.58,8830,11.7,CRITICAL,100,CRITICAL,ROLLBACK RECOMMENDED (HIGH IMPACT CONFIRMATION REQUIRED),ROLLBACK,52.2,4.6
REL-2026-0187,HOSP-SMMC-02,St. Mary's Medical Center,Clinical Portal,v1.10.1,2026-09-04T01:18:00,981.0,9.0,2.35,99.83,3980,0.5,LOW,0,LOW,CONTINUE,CONTINUE,15.3,2.1
REL-2026-0188,HOSP-LKH-03,Lakeside Hospital,Laboratory Application,v2.1.9,2026-09-03T23:12:00,717.6,10.4,1.27,99.77,9770,2.3,LOW,0,LOW,CONTINUE,CONTINUE,18.2,2.3
REL-2026-0189,HOSP-MCH-04,Metro Care Hospital,Electronic Health Record Service,v4.11.7,2026-09-03T21:06:00,958.1,-12.9,0.74,99.68,2480,0.8,MEDIUM,0,LOW,CONTINUE,CONTINUE,18.7,3.8
REL-2026-0190,HOSP-GVH-05,Green Valley Hospital,Pharmacy Management Service,v5.7.2,2026-09-03T19:00:00,1004.3,-8.7,0.83,99.95,7402,1.3,LOW,0,LOW,CONTINUE,CONTINUE,15.9,3.8
REL-2026-0191,HOSP-CGH-01,City General Hospital,Radiology PACS,v2.10.5,2026-09-03T16:54:00,713.6,78.4,11.99,97.25,2652,33.7,CRITICAL,100,CRITICAL,ROLLBACK RECOMMENDED (HIGH IMPACT CONFIRMATION REQUIRED),ROLLBACK,47.8,5.2
REL-2026-0192,HOSP-SMMC-02,St. Mary's Medical Center,Patient Billing & Scheduling,v5.7.0,2026-09-03T14:48:00,229.0,-8.4,2.47,99.79,3788,5.3,LOW,0,LOW,CONTINUE,CONTINUE,17.6,2.1
REL-2026-0193,HOSP-LKH-03,Lakeside Hospital,Clinical Portal,v5.11.1,2026-09-03T12:42:00,358.4,-10.4,1.81,99.93,2362,5.5,LOW,0,LOW,CONTINUE,CONTINUE,15.9,2.3
REL-2026-0194,HOSP-MCH-04,Metro Care Hospital,Laboratory Application,v3.7.9,2026-09-03T10:36:00,1311.2,19.2,1.84,99.85,12175,2.6,LOW,0,LOW,CONTINUE,CONTINUE,24.7,2.3
REL-2026-0195,HOSP-GVH-05,Green Valley Hospital,Electronic Health Record Service,v5.3.7,2026-09-03T08:30:00,1215.5,10.5,2.37,99.75,3772,5.7,MEDIUM,0,LOW,CONTINUE,CONTINUE,15.5,3.1
REL-2026-0196,HOSP-CGH-01,City General Hospital,Pharmacy Management Service,v2.2.5,2026-09-03T06:24:00,697.4,7.3,2.41,99.86,3804,4.9,MEDIUM,0,LOW,CONTINUE,CONTINUE,28.3,2.8
REL-2026-0197,HOSP-SMMC-02,St. Mary's Medical Center,Radiology PACS,v2.14.1,2026-09-03T04:18:00,2124.1,93.1,13.02,96.48,3088,22.8,CRITICAL,100,CRITICAL,ROLLBACK RECOMMENDED (HIGH IMPACT CONFIRMATION REQUIRED),ROLLBACK,42.2,4.5
REL-2026-0198,HOSP-LKH-03,Lakeside Hospital,Patient Billing & Scheduling,v4.5.9,2026-09-03T02:12:00,873.0,-3.0,2.23,99.63,2475,1.0,LOW,0,LOW,CONTINUE,CONTINUE,20.1,3.8
REL-2026-0199,HOSP-MCH-04,Metro Care Hospital,Clinical Portal,v5.15.2,2026-09-03T00:06:00,315.3,26.1,4.66,98.88,8840,11.6,HIGH,70,HIGH,ROLLBACK RECOMMENDED,HUMAN REVIEW,35.1,3.4
REL-2026-0200,HOSP-GVH-05,Green Valley Hospital,Laboratory Application,v4.15.7,2026-09-02T22:00:00,428.5,71.4,9.58,95.81,6502,13.3,CRITICAL,100,CRITICAL,ROLLBACK RECOMMENDED (HIGH IMPACT CONFIRMATION REQUIRED),ROLLBACK,61.5,4.4
REL-2026-0201,HOSP-CGH-01,City General Hospital,Electronic Health Record Service,v1.11.8,2026-09-02T19:54:00,502.0,25.5,4.34,98.83,2292,8.3,LOW,20,LOW,CONTINUE,HUMAN REVIEW,45.1,3.8
REL-2026-0202,HOSP-SMMC-02,St. Mary's Medical Center,Pharmacy Management Service,v5.4.1,2026-09-02T17:48:00,396.0,58.4,10.05,96.85,8525,31.8,HIGH,100,CRITICAL,ROLLBACK RECOMMENDED (HIGH IMPACT CONFIRMATION REQUIRED),ROLLBACK,50.5,3.7
REL-2026-0203,HOSP-LKH-03,Lakeside Hospital,Radiology PACS,v1.12.8,2026-09-02T15:42:00,648.7,-0.2,2.47,99.99,2435,2.6,MEDIUM,0,LOW,CONTINUE,CONTINUE,17.2,3.1
REL-2026-0204,HOSP-MCH-04,Metro Care Hospital,Patient Billing & Scheduling,v1.3.4,2026-09-02T13:36:00,1449.8,31.8,4.87,98.79,2260,9.6,MEDIUM,50,MEDIUM,HUMAN REVIEW,HUMAN REVIEW,32.7,3.8
REL-2026-0205,HOSP-GVH-05,Green Valley Hospital,Clinical Portal,v2.1.7,2026-09-02T11:30:00,956.7,6.3,0.14,99.66,7372,1.7,MEDIUM,0,LOW,CONTINUE,CONTINUE,25.2,2.7
REL-2026-0206,HOSP-CGH-01,City General Hospital,Laboratory Application,v3.13.9,2026-09-02T09:24:00,853.2,-5.2,1.25,99.64,7185,4.2,LOW,0,LOW,CONTINUE,CONTINUE,17.0,3.8
REL-2026-0207,HOSP-SMMC-02,St. Mary's Medical Center,Electronic Health Record Service,v5.0.2,2026-09-02T07:18:00,918.0,2.0,1.32,99.62,3912,2.2,LOW,0,LOW,CONTINUE,CONTINUE,16.0,3.3
REL-2026-0208,HOSP-LKH-03,Lakeside Hospital,Pharmacy Management Service,v3.15.9,2026-09-02T05:12:00,244.0,-2.4,0.54,99.78,3912,2.2,LOW,0,LOW,CONTINUE,CONTINUE,24.5,2.2
REL-2026-0209,HOSP-MCH-04,Metro Care Hospital,Radiology PACS,v2.7.3,2026-09-02T03:06:00,1257.3,14.3,0.68,99.64,3800,5.0,LOW,0,LOW,CONTINUE,CONTINUE,20.8,2.3
REL-2026-0210,HOSP-GVH-05,Green Valley Hospital,Patient Billing & Scheduling,v4.12.5,2026-09-02T01:00:00,846.3,30.2,4.42,98.62,6922,7.7,LOW,50,MEDIUM,HUMAN REVIEW,HUMAN REVIEW,34.0,3.9
REL-2026-0211,HOSP-CGH-01,City General Hospital,Clinical Portal,v1.15.1,2026-09-01T22:54:00,694.2,6.8,1.48,99.99,7500,0.0,LOW,0,LOW,CONTINUE,CONTINUE,23.4,3.1
REL-2026-0212,HOSP-SMMC-02,St. Mary's Medical Center,Laboratory Application,v3.4.0,2026-09-01T20:48:00,2070.2,88.2,8.04,97.99,8540,14.6,HIGH,100,CRITICAL,ROLLBACK RECOMMENDED (HIGH IMPACT CONFIRMATION REQUIRED),ROLLBACK,57.7,5.1
REL-2026-0213,HOSP-LKH-03,Lakeside Hospital,Electronic Health Record Service,v5.9.2,2026-09-01T18:42:00,1518.3,68.7,13.96,96.34,5205,30.6,HIGH,100,CRITICAL,ROLLBACK RECOMMENDED (HIGH IMPACT CONFIRMATION REQUIRED),ROLLBACK,55.1,4.8
REL-2026-0214,HOSP-MCH-04,Metro Care Hospital,Pharmacy Management Service,v4.10.5,2026-09-01T16:36:00,710.8,77.7,10.25,98.69,5032,32.9,CRITICAL,100,CRITICAL,ROLLBACK RECOMMENDED (HIGH IMPACT CONFIRMATION REQUIRED),ROLLBACK,54.4,3.9
REL-2026-0215,HOSP-GVH-05,Green Valley Hospital,Radiology PACS,v4.1.2,2026-09-01T14:30:00,1416.8,28.8,5.83,99.12,6944,7.4,HIGH,55,MEDIUM,HUMAN REVIEW,HUMAN REVIEW,32.2,4.0
REL-2026-0216,HOSP-CGH-01,City General Hospital,Patient Billing & Scheduling,v1.0.7,2026-09-01T12:24:00,539.2,34.8,3.43,98.63,6652,11.3,LOW,75,HIGH,ROLLBACK RECOMMENDED,HUMAN REVIEW,38.8,3.9
REL-2026-0217,HOSP-SMMC-02,St. Mary's Medical Center,Clinical Portal,v5.6.5,2026-09-01T10:18:00,279.2,11.7,0.27,99.85,2407,3.7,LOW,0,LOW,CONTINUE,CONTINUE,21.4,2.9
REL-2026-0218,HOSP-LKH-03,Lakeside Hospital,Laboratory Application,v1.9.4,2026-09-01T08:12:00,442.8,10.7,0.6,99.72,2367,5.3,LOW,0,LOW,CONTINUE,CONTINUE,20.8,3.1
REL-2026-0219,HOSP-MCH-04,Metro Care Hospital,Electronic Health Record Service,v1.5.1,2026-09-01T06:06:00,466.0,16.5,0.93,99.97,3956,1.1,LOW,0,LOW,CONTINUE,CONTINUE,15.3,2.4
REL-2026-0220,HOSP-GVH-05,Green Valley Hospital,Pharmacy Management Service,v1.8.7,2026-09-01T04:00:00,780.3,-13.3,2.49,99.85,9600,4.0,LOW,0,LOW,CONTINUE,CONTINUE,15.7,2.2
REL-2026-0221,HOSP-CGH-01,City General Hospital,Radiology PACS,v1.15.3,2026-09-01T01:54:00,670.8,3.2,1.58,99.76,2395,4.2,LOW,0,LOW,CONTINUE,CONTINUE,22.7,3.1
REL-2026-0222,HOSP-SMMC-02,St. Mary's Medical Center,Patient Billing & Scheduling,v1.3.9,2026-08-31T23:48:00,248.2,-0.7,0.44,99.96,2417,3.3,MEDIUM,0,LOW,CONTINUE,CONTINUE,29.0,2.6
REL-2026-0223,HOSP-LKH-03,Lakeside Hospital,Clinical Portal,v3.11.5,2026-08-31T21:42:00,756.0,89.0,10.98,98.81,1950,22.0,CRITICAL,100,CRITICAL,ROLLBACK RECOMMENDED (HIGH IMPACT CONFIRMATION REQUIRED),ROLLBACK,50.2,3.7
REL-2026-0224,HOSP-MCH-04,Metro Care Hospital,Laboratory Application,v1.12.6,2026-08-31T19:36:00,700.0,7.7,0.86,99.97,3784,5.4,LOW,0,LOW,CONTINUE,CONTINUE,28.2,2.2
REL-2026-0225,HOSP-GVH-05,Green Valley Hospital,Electronic Health Record Service,v5.15.9,2026-08-31T17:30:00,432.2,72.9,12.27,97.72,8630,13.7,HIGH,100,CRITICAL,ROLLBACK RECOMMENDED (HIGH IMPACT CONFIRMATION REQUIRED),ROLLBACK,61.6,5.2
REL-2026-0226,HOSP-CGH-01,City General Hospital,Pharmacy Management Service,v1.2.4,2026-08-31T15:24:00,1676.7,86.3,12.98,98.48,7150,28.5,CRITICAL,100,CRITICAL,ROLLBACK RECOMMENDED (HIGH IMPACT CONFIRMATION REQUIRED),ROLLBACK,60.2,3.7
REL-2026-0227,HOSP-SMMC-02,St. Mary's Medical Center,Radiology PACS,v3.12.2,2026-08-31T13:18:00,476.8,19.2,1.69,99.8,9800,2.0,MEDIUM,0,LOW,CONTINUE,CONTINUE,24.3,2.8
REL-2026-0228,HOSP-LKH-03,Lakeside Hospital,Patient Billing & Scheduling,v2.12.6,2026-08-31T11:12:00,253.5,1.4,1.26,99.89,12375,1.0,LOW,0,LOW,CONTINUE,CONTINUE,18.6,3.7
REL-2026-0229,HOSP-MCH-04,Metro Care Hospital,Clinical Portal,v5.0.1,2026-08-31T09:06:00,287.5,15.0,1.15,99.79,12412,0.7,MEDIUM,0,LOW,CONTINUE,CONTINUE,15.3,2.7
REL-2026-0230,HOSP-GVH-05,Green Valley Hospital,Laboratory Application,v3.14.1,2026-08-31T07:00:00,2110.9,91.9,8.59,95.87,8770,12.3,CRITICAL,100,CRITICAL,ROLLBACK RECOMMENDED (HIGH IMPACT CONFIRMATION REQUIRED),ROLLBACK,47.3,5.0
REL-2026-0231,HOSP-CGH-01,City General Hospital,Electronic Health Record Service,v3.6.3,2026-08-31T04:54:00,1641.6,82.4,10.16,95.41,2000,20.0,HIGH,100,CRITICAL,ROLLBACK RECOMMENDED (HIGH IMPACT CONFIRMATION REQUIRED),ROLLBACK,50.8,5.1
REL-2026-0232,HOSP-SMMC-02,St. Mary's Medical Center,Pharmacy Management Service,v5.4.7,2026-08-31T02:48:00,871.2,-3.2,1.91,99.85,9970,0.3,MEDIUM,0,LOW,CONTINUE,CONTINUE,23.8,3.4
REL-2026-0233,HOSP-LKH-03,Lakeside Hospital,Radiology PACS,v3.12.6,2026-08-31T00:42:00,1130.8,2.8,2.31,99.83,12362,1.1,MEDIUM,0,LOW,CONTINUE,CONTINUE,27.2,2.2
REL-2026-0234,HOSP-MCH-04,Metro Care Hospital,Patient Billing & Scheduling,v5.6.3,2026-08-30T22:36:00,1394.8,26.8,3.4,98.99,6817,9.1,HIGH,45,MEDIUM,HUMAN REVIEW,HUMAN REVIEW,39.2,4.3
REL-2026-0235,HOSP-GVH-05,Green Valley Hospital,Clinical Portal,v4.9.6,2026-08-30T20:30:00,2127.4,93.4,7.01,97.48,9500,24.0,HIGH,100,CRITICAL,ROLLBACK RECOMMENDED (HIGH IMPACT CONFIRMATION REQUIRED),ROLLBACK,56.7,4.6
REL-2026-0236,HOSP-CGH-01,City General Hospital,Laboratory Application,v5.1.5,2026-08-30T18:24:00,939.9,44.6,11.88,96.12,3404,14.9,CRITICAL,100,CRITICAL,ROLLBACK RECOMMENDED (HIGH IMPACT CONFIRMATION REQUIRED),ROLLBACK,43.2,3.6
REL-2026-0237,HOSP-SMMC-02,St. Mary's Medical Center,Electronic Health Record Service,v4.10.8,2026-08-30T16:18:00,1179.9,31.1,4.68,99.05,9180,8.2,HIGH,55,MEDIUM,HUMAN REVIEW,HUMAN REVIEW,35.2,4.0
REL-2026-0238,HOSP-LKH-03,Lakeside Hospital,Pharmacy Management Service,v2.9.7,2026-08-30T14:12:00,2054.8,86.8,12.55,97.75,2684,32.9,CRITICAL,100,CRITICAL,ROLLBACK RECOMMENDED (HIGH IMPACT CONFIRMATION REQUIRED),ROLLBACK,56.6,4.6
REL-2026-0239,HOSP-MCH-04,Metro Care Hospital,Radiology PACS,v2.10.9,2026-08-30T12:06:00,345.6,-13.6,0.73,99.66,2460,1.6,LOW,0,LOW,CONTINUE,CONTINUE,15.1,2.8
REL-2026-0240,HOSP-GVH-05,Green Valley Hospital,Patient Billing & Scheduling,v3.7.3,2026-08-30T10:00:00,988.2,9.8,1.34,99.8,2357,5.7,MEDIUM,0,LOW,CONTINUE,CONTINUE,17.4,3.0
REL-2026-0241,HOSP-CGH-01,City General Hospital,Clinical Portal,v5.7.0,2026-08-30T07:54:00,661.6,65.4,13.97,98.83,8650,30.8,HIGH,100,CRITICAL,ROLLBACK RECOMMENDED (HIGH IMPACT CONFIRMATION REQUIRED),ROLLBACK,42.5,4.2
REL-2026-0242,HOSP-SMMC-02,St. Mary's Medical Center,Laboratory Application,v5.2.1,2026-08-30T05:48:00,534.4,33.6,9.89,97.01,5287,29.5,CRITICAL,100,CRITICAL,ROLLBACK RECOMMENDED (HIGH IMPACT CONFIRMATION REQUIRED),ROLLBACK,50.7,4.1
REL-2026-0243,HOSP-LKH-03,Lakeside Hospital,Electronic Health Record Service,v4.10.0,2026-08-30T03:42:00,746.0,86.5,9.11,97.1,2162,13.5,CRITICAL,100,CRITICAL,ROLLBACK RECOMMENDED (HIGH IMPACT CONFIRMATION REQUIRED),ROLLBACK,54.2,5.4
REL-2026-0244,HOSP-MCH-04,Metro Care Hospital,Pharmacy Management Service,v5.0.9,2026-08-30T01:36:00,945.9,5.1,0.61,99.75,2460,1.6,MEDIUM,0,LOW,CONTINUE,CONTINUE,21.1,2.6
REL-2026-0245,HOSP-GVH-05,Green Valley Hospital,Radiology PACS,v2.7.2,2026-08-29T23:30:00,281.2,12.5,0.79,99.9,9950,0.5,LOW,0,LOW,CONTINUE,CONTINUE,20.7,3.5
REL-2026-0246,HOSP-CGH-01,City General Hospital,Patient Billing & Scheduling,v5.12.8,2026-08-29T21:24:00,329.8,31.9,5.19,99.16,2277,8.9,HIGH,85,CRITICAL,ROLLBACK RECOMMENDED (HIGH IMPACT CONFIRMATION REQUIRED),HUMAN REVIEW,45.7,3.2
REL-2026-0247,HOSP-SMMC-02,St. Mary's Medical Center,Clinical Portal,v1.5.9,2026-08-29T19:18:00,813.8,25.2,4.24,98.86,3592,10.2,LOW,45,MEDIUM,HUMAN REVIEW,HUMAN REVIEW,33.3,3.9
REL-2026-0248,HOSP-LKH-03,Lakeside Hospital,Laboratory Application,v1.6.5,2026-08-29T17:12:00,574.6,-11.6,1.83,99.73,12137,2.9,LOW,0,LOW,CONTINUE,CONTINUE,25.1,2.4
REL-2026-0249,HOSP-MCH-04,Metro Care Hospital,Electronic Health Record Service,v3.11.2,2026-08-29T15:06:00,566.4,41.6,10.32,98.74,6959,30.4,HIGH,100,CRITICAL,ROLLBACK RECOMMENDED (HIGH IMPACT CONFIRMATION REQUIRED),ROLLBACK,40.1,4.0
REL-2026-0250,HOSP-GVH-05,Green Valley Hospital,Pharmacy Management Service,v1.0.9,2026-08-29T13:00:00,260.8,4.3,0.48,99.93,2410,3.6,LOW,0,LOW,CONTINUE,CONTINUE,28.4,2.4
REL-2026-0251,HOSP-CGH-01,City General Hospital,Radiology PACS,v2.14.8,2026-08-29T10:54:00,1144.0,4.0,2.5,99.9,7290,2.8,LOW,0,LOW,CONTINUE,CONTINUE,20.9,3.6
REL-2026-0252,HOSP-SMMC-02,St. Mary's Medical Center,Patient Billing & Scheduling,v4.11.0,2026-08-29T08:48:00,2039.4,85.4,12.36,95.65,2972,25.7,HIGH,100,CRITICAL,ROLLBACK RECOMMENDED (HIGH IMPACT CONFIRMATION REQUIRED),ROLLBACK,49.8,3.9
REL-2026-0253,HOSP-LKH-03,Lakeside Hospital,Clinical Portal,v5.8.4,2026-08-29T06:42:00,704.6,8.4,1.32,99.75,2382,4.7,LOW,0,LOW,CONTINUE,CONTINUE,28.2,2.1
REL-2026-0254,HOSP-MCH-04,Metro Care Hospital,Laboratory Application,v4.0.8,2026-08-29T04:36:00,756.6,16.4,0.24,99.98,9850,1.5,LOW,0,LOW,CONTINUE,CONTINUE,22.7,2.6
REL-2026-0255,HOSP-GVH-05,Green Valley Hospital,Electronic Health Record Service,v4.15.7,2026-08-29T02:30:00,944.4,45.3,7.09,97.8,2007,19.7,HIGH,100,CRITICAL,ROLLBACK RECOMMENDED (HIGH IMPACT CONFIRMATION REQUIRED),ROLLBACK,54.5,4.3
REL-2026-0256,HOSP-CGH-01,City General Hospital,Pharmacy Management Service,v4.0.4,2026-08-29T00:24:00,422.8,5.7,0.38,99.95,12112,3.1,LOW,0,LOW,CONTINUE,CONTINUE,15.8,2.5
REL-2026-0257,HOSP-SMMC-02,St. Mary's Medical Center,Radiology PACS,v4.2.3,2026-08-28T22:18:00,490.4,22.6,5.49,99.06,6750,10.0,LOW,30,MEDIUM,HUMAN REVIEW,HUMAN REVIEW,41.2,3.8
REL-2026-0258,HOSP-LKH-03,Lakeside Hospital,Patient Billing & Scheduling,v5.3.1,2026-08-28T20:12:00,292.0,16.8,1.73,99.84,11875,5.0,LOW,0,LOW,CONTINUE,CONTINUE,22.1,3.1
REL-2026-0259,HOSP-MCH-04,Metro Care Hospital,Clinical Portal,v3.3.6,2026-08-28T18:06:00,1184.4,31.6,4.95,98.76,9040,9.6,LOW,50,MEDIUM,HUMAN REVIEW,HUMAN REVIEW,42.6,3.6
REL-2026-0260,HOSP-GVH-05,Green Valley Hospital,Laboratory Application,v1.12.3,2026-08-28T16:00:00,264.8,5.9,1.38,99.6,12312,1.5,MEDIUM,0,LOW,CONTINUE,CONTINUE,26.8,3.0
REL-2026-0261,HOSP-CGH-01,City General Hospital,Electronic Health Record Service,v5.15.2,2026-08-28T13:54:00,592.0,48.0,12.77,96.43,7880,21.2,CRITICAL,100,CRITICAL,ROLLBACK RECOMMENDED (HIGH IMPACT CONFIRMATION REQUIRED),ROLLBACK,61.8,4.3
REL-2026-0262,HOSP-SMMC-02,St. Mary's Medical Center,Pharmacy Management Service,v2.12.5,2026-08-28T11:48:00,628.4,57.1,6.67,95.46,1707,31.7,HIGH,100,CRITICAL,ROLLBACK RECOMMENDED (HIGH IMPACT CONFIRMATION REQUIRED),ROLLBACK,49.8,4.9
REL-2026-0263,HOSP-LKH-03,Lakeside Hospital,Radiology PACS,v4.12.9,2026-08-28T09:42:00,970.2,-11.8,0.41,99.77,2360,5.6,LOW,0,LOW,CONTINUE,CONTINUE,18.9,2.7
REL-2026-0264,HOSP-MCH-04,Metro Care Hospital,Patient Billing & Scheduling,v2.5.0,2026-08-28T07:36:00,1895.3,72.3,9.23,97.56,10525,15.8,CRITICAL,100,CRITICAL,ROLLBACK RECOMMENDED (HIGH IMPACT CONFIRMATION REQUIRED),ROLLBACK,44.3,5.1
REL-2026-0265,HOSP-GVH-05,Green Valley Hospital,Clinical Portal,v3.11.5,2026-08-28T05:30:00,247.5,-1.0,1.69,99.68,12200,2.4,LOW,0,LOW,CONTINUE,CONTINUE,26.1,2.1
REL-2026-0266,HOSP-CGH-01,City General Hospital,Laboratory Application,v5.8.7,2026-08-28T03:24:00,937.2,-14.8,0.48,99.82,7275,3.0,MEDIUM,0,LOW,CONTINUE,CONTINUE,19.4,3.7
REL-2026-0267,HOSP-SMMC-02,St. Mary's Medical Center,Electronic Health Record Service,v3.13.5,2026-08-28T01:18:00,404.4,1.1,1.49,99.65,3992,0.2,LOW,0,LOW,CONTINUE,CONTINUE,20.7,3.4
REL-2026-0268,HOSP-LKH-03,Lakeside Hospital,Pharmacy Management Service,v2.15.3,2026-08-27T23:12:00,722.8,11.2,0.89,99.67,3868,3.3,LOW,0,LOW,CONTINUE,CONTINUE,20.3,3.6
REL-2026-0269,HOSP-MCH-04,Metro Care Hospital,Radiology PACS,v5.1.7,2026-08-27T21:06:00,2031.7,84.7,8.53,95.47,1757,29.7,HIGH,100,CRITICAL,ROLLBACK RECOMMENDED (HIGH IMPACT CONFIRMATION REQUIRED),ROLLBACK,54.9,4.8
REL-2026-0270,HOSP-GVH-05,Green Valley Hospital,Patient Billing & Scheduling,v5.1.8,2026-08-27T19:00:00,1075.5,19.5,2.29,99.69,9830,1.7,MEDIUM,0,LOW,CONTINUE,CONTINUE,16.9,2.9
REL-2026-0271,HOSP-CGH-01,City General Hospital,Clinical Portal,v5.8.3,2026-08-27T16:54:00,1046.5,61.0,11.36,95.82,3548,11.3,HIGH,100,CRITICAL,ROLLBACK RECOMMENDED (HIGH IMPACT CONFIRMATION REQUIRED),ROLLBACK,47.2,4.7
REL-2026-0272,HOSP-SMMC-02,St. Mary's Medical Center,Laboratory Application,v1.8.3,2026-08-27T14:48:00,1016.4,-7.6,1.77,99.93,3912,2.2,LOW,0,LOW,CONTINUE,CONTINUE,21.8,3.0
REL-2026-0273,HOSP-LKH-03,Lakeside Hospital,Electronic Health Record Service,v3.1.6,2026-08-27T12:42:00,1099.8,22.2,5.42,98.85,6907,7.9,HIGH,75,HIGH,ROLLBACK RECOMMENDED,HUMAN REVIEW,39.3,4.1
REL-2026-0274,HOSP-MCH-04,Metro Care Hospital,Pharmacy Management Service,v4.3.5,2026-08-27T10:36:00,695.5,7.0,1.15,99.74,2450,2.0,MEDIUM,0,LOW,CONTINUE,CONTINUE,23.4,3.5
REL-2026-0275,HOSP-GVH-05,Green Valley Hospital,Radiology PACS,v4.4.2,2026-08-27T08:30:00,1312.3,19.3,0.75,99.8,7350,2.0,MEDIUM,0,LOW,CONTINUE,CONTINUE,21.7,2.1
REL-2026-0276,HOSP-CGH-01,City General Hospital,Patient Billing & Scheduling,v3.14.6,2026-08-27T06:24:00,787.8,21.2,4.03,98.96,9140,8.6,HIGH,45,MEDIUM,HUMAN REVIEW,HUMAN REVIEW,34.8,4.0
REL-2026-0277,HOSP-SMMC-02,St. Mary's Medical Center,Clinical Portal,v1.0.6,2026-08-27T04:18:00,1720.8,91.2,11.46,95.65,10887,12.9,HIGH,100,CRITICAL,ROLLBACK RECOMMENDED (HIGH IMPACT CONFIRMATION REQUIRED),ROLLBACK,42.1,5.4
REL-2026-0278,HOSP-LKH-03,Lakeside Hospital,Laboratory Application,v1.11.5,2026-08-27T02:12:00,470.4,17.6,1.01,99.89,2465,1.4,LOW,0,LOW,CONTINUE,CONTINUE,24.4,2.2
REL-2026-0279,HOSP-MCH-04,Metro Care Hospital,Electronic Health Record Service,v3.11.7,2026-08-27T00:06:00,1300.2,18.2,1.37,99.78,12062,3.5,MEDIUM,0,LOW,CONTINUE,CONTINUE,24.5,3.0
REL-2026-0280,HOSP-GVH-05,Green Valley Hospital,Pharmacy Management Service,v4.9.0,2026-08-26T22:00:00,226.2,-9.5,0.08,99.9,9690,3.1,LOW,0,LOW,CONTINUE,CONTINUE,20.2,2.8
REL-2026-0281,HOSP-CGH-01,City General Hospital,Radiology PACS,v3.2.6,2026-08-26T19:54:00,824.4,-8.4,2.21,99.7,3896,2.6,MEDIUM,0,LOW,CONTINUE,CONTINUE,26.1,2.7
REL-2026-0282,HOSP-SMMC-02,St. Mary's Medical Center,Patient Billing & Scheduling,v2.10.0,2026-08-26T17:48:00,1738.0,58.0,12.75,96.13,8460,15.4,CRITICAL,100,CRITICAL,ROLLBACK RECOMMENDED (HIGH IMPACT CONFIRMATION REQUIRED),ROLLBACK,53.6,4.0
REL-2026-0283,HOSP-LKH-03,Lakeside Hospital,Clinical Portal,v4.11.7,2026-08-26T15:42:00,849.6,-5.6,1.8,99.69,7170,4.4,LOW,0,LOW,CONTINUE,CONTINUE,15.2,2.4
REL-2026-0284,HOSP-MCH-04,Metro Care Hospital,Laboratory Application,v4.7.0,2026-08-26T13:36:00,546.0,36.5,9.5,98.28,8440,15.6,CRITICAL,100,CRITICAL,ROLLBACK RECOMMENDED (HIGH IMPACT CONFIRMATION REQUIRED),ROLLBACK,58.2,3.7
REL-2026-0285,HOSP-GVH-05,Green Valley Hospital,Electronic Health Record Service,v3.15.4,2026-08-26T11:30:00,1084.6,-1.4,2.4,99.66,2360,5.6,MEDIUM,0,LOW,CONTINUE,CONTINUE,15.6,3.7
REL-2026-0286,HOSP-CGH-01,City General Hospital,Pharmacy Management Service,v4.4.5,2026-08-26T09:24:00,268.0,7.2,0.85,99.71,12375,1.0,LOW,0,LOW,CONTINUE,CONTINUE,20.9,2.4
REL-2026-0287,HOSP-SMMC-02,St. Mary's Medical Center,Radiology PACS,v2.10.8,2026-08-26T07:18:00,762.4,90.6,13.97,95.23,7400,26.0,HIGH,100,CRITICAL,ROLLBACK RECOMMENDED (HIGH IMPACT CONFIRMATION REQUIRED),ROLLBACK,55.4,5.1
REL-2026-0288,HOSP-LKH-03,Lakeside Hospital,Patient Billing & Scheduling,v5.11.5,2026-08-26T05:12:00,986.7,-10.3,2.25,99.77,3884,2.9,LOW,0,LOW,CONTINUE,CONTINUE,23.1,2.9
REL-2026-0289,HOSP-MCH-04,Metro Care Hospital,Clinical Portal,v3.7.5,2026-08-26T03:06:00,251.7,0.7,2.06,99.78,12100,3.2,MEDIUM,0,LOW,CONTINUE,CONTINUE,22.6,3.3
REL-2026-0290,HOSP-GVH-05,Green Valley Hospital,Laboratory Application,v1.6.1,2026-08-26T01:00:00,566.8,41.7,7.91,96.26,3168,20.8,HIGH,100,CRITICAL,ROLLBACK RECOMMENDED (HIGH IMPACT CONFIRMATION REQUIRED),ROLLBACK,51.5,3.6
REL-2026-0291,HOSP-CGH-01,City General Hospital,Electronic Health Record Service,v4.2.7,2026-08-25T22:54:00,433.5,73.4,9.97,96.0,2888,27.8,CRITICAL,100,CRITICAL,ROLLBACK RECOMMENDED (HIGH IMPACT CONFIRMATION REQUIRED),ROLLBACK,44.9,4.9
REL-2026-0292,HOSP-SMMC-02,St. Mary's Medical Center,Pharmacy Management Service,v5.3.1,2026-08-25T20:48:00,244.8,-2.1,1.79,99.7,3804,4.9,LOW,0,LOW,CONTINUE,CONTINUE,26.0,3.5
REL-2026-0293,HOSP-LKH-03,Lakeside Hospital,Radiology PACS,v1.5.2,2026-08-25T18:42:00,962.1,6.9,0.49,99.76,9550,4.5,LOW,0,LOW,CONTINUE,CONTINUE,26.5,3.0
REL-2026-0294,HOSP-MCH-04,Metro Care Hospital,Patient Billing & Scheduling,v5.7.9,2026-08-25T16:36:00,954.0,6.0,2.34,99.81,7095,5.4,LOW,0,LOW,CONTINUE,CONTINUE,27.7,2.7
REL-2026-0295,HOSP-GVH-05,Green Valley Hospital,Clinical Portal,v3.7.3,2026-08-25T14:30:00,771.6,18.7,1.15,99.88,2440,2.4,LOW,0,LOW,CONTINUE,CONTINUE,23.9,2.9
REL-2026-0296,HOSP-CGH-01,City General Hospital,Laboratory Application,v3.2.9,2026-08-25T12:24:00,420.0,5.0,0.28,99.66,7290,2.8,LOW,0,LOW,CONTINUE,CONTINUE,20.5,3.0
REL-2026-0297,HOSP-SMMC-02,St. Mary's Medical Center,Electronic Health Record Service,v1.1.5,2026-08-25T10:18:00,1123.1,2.1,2.25,99.92,9580,4.2,LOW,0,LOW,CONTINUE,CONTINUE,23.9,2.5
REL-2026-0298,HOSP-LKH-03,Lakeside Hospital,Pharmacy Management Service,v5.4.5,2026-08-25T08:12:00,700.7,7.8,1.53,99.9,12487,0.1,LOW,0,LOW,CONTINUE,CONTINUE,15.8,2.9
REL-2026-0299,HOSP-MCH-04,Metro Care Hospital,Radiology PACS,v1.15.9,2026-08-25T06:06:00,538.4,34.6,5.26,98.56,6757,9.9,MEDIUM,80,CRITICAL,ROLLBACK RECOMMENDED (HIGH IMPACT CONFIRMATION REQUIRED),HUMAN REVIEW,35.2,3.6
REL-2026-0300,HOSP-GVH-05,Green Valley Hospital,Patient Billing & Scheduling,v2.7.1,2026-08-25T04:00:00,1203.4,9.4,1.92,99.68,12137,2.9,LOW,0,LOW,CONTINUE,CONTINUE,24.8,2.4
REL-2026-0301,HOSP-CGH-01,City General Hospital,Clinical Portal,v5.14.9,2026-08-25T01:54:00,434.0,8.5,1.09,99.73,7342,2.1,MEDIUM,0,LOW,CONTINUE,CONTINUE,24.8,3.4
REL-2026-0302,HOSP-SMMC-02,St. Mary's Medical Center,Laboratory Application,v3.3.4,2026-08-24T23:48:00,724.8,11.5,2.14,99.62,2482,0.7,MEDIUM,0,LOW,CONTINUE,CONTINUE,28.9,3.6
REL-2026-0303,HOSP-LKH-03,Lakeside Hospital,Electronic Health Record Service,v5.1.4,2026-08-24T21:42:00,230.2,-7.9,1.33,99.79,9840,1.6,MEDIUM,0,LOW,CONTINUE,CONTINUE,29.9,3.3
REL-2026-0304,HOSP-MCH-04,Metro Care Hospital,Pharmacy Management Service,v1.9.6,2026-08-24T19:36:00,879.4,35.3,11.07,96.52,2220,11.2,CRITICAL,100,CRITICAL,ROLLBACK RECOMMENDED (HIGH IMPACT CONFIRMATION REQUIRED),ROLLBACK,54.6,5.3
REL-2026-0305,HOSP-GVH-05,Green Valley Hospital,Radiology PACS,v5.9.5,2026-08-24T17:30:00,288.2,15.3,1.35,99.8,3956,1.1,LOW,0,LOW,CONTINUE,CONTINUE,23.4,3.3
REL-2026-0306,HOSP-CGH-01,City General Hospital,Patient Billing & Scheduling,v3.7.2,2026-08-24T15:24:00,267.2,6.9,0.63,99.8,11762,5.9,LOW,0,LOW,CONTINUE,CONTINUE,24.4,3.6
REL-2026-0307,HOSP-SMMC-02,St. Mary's Medical Center,Clinical Portal,v4.4.3,2026-08-24T13:18:00,1195.7,8.7,2.19,99.76,7192,4.1,MEDIUM,0,LOW,CONTINUE,CONTINUE,17.3,3.7
REL-2026-0308,HOSP-LKH-03,Lakeside Hospital,Laboratory Application,v5.3.2,2026-08-24T11:12:00,868.4,33.6,4.29,99.04,2212,11.5,HIGH,80,CRITICAL,ROLLBACK RECOMMENDED (HIGH IMPACT CONFIRMATION REQUIRED),HUMAN REVIEW,46.8,4.4
REL-2026-0309,HOSP-MCH-04,Metro Care Hospital,Electronic Health Record Service,v2.0.9,2026-08-24T09:06:00,248.5,-0.6,1.14,99.95,3776,5.6,MEDIUM,0,LOW,CONTINUE,CONTINUE,19.1,3.4
REL-2026-0310,HOSP-GVH-05,Green Valley Hospital,Pharmacy Management Service,v4.15.7,2026-08-24T07:00:00,605.1,-6.9,0.11,99.9,3980,0.5,LOW,0,LOW,CONTINUE,CONTINUE,22.5,3.1
REL-2026-0311,HOSP-CGH-01,City General Hospital,Radiology PACS,v4.10.7,2026-08-24T04:54:00,1196.1,32.9,7.79,97.9,9887,20.9,HIGH,100,CRITICAL,ROLLBACK RECOMMENDED (HIGH IMPACT CONFIRMATION REQUIRED),ROLLBACK,56.7,3.6
REL-2026-0312,HOSP-SMMC-02,St. Mary's Medical Center,Patient Billing & Scheduling,v5.12.0,2026-08-24T02:48:00,443.5,77.4,8.85,97.23,2660,33.5,HIGH,100,CRITICAL,ROLLBACK RECOMMENDED (HIGH IMPACT CONFIRMATION REQUIRED),ROLLBACK,51.5,4.4
REL-2026-0313,HOSP-LKH-03,Lakeside Hospital,Clinical Portal,v2.14.7,2026-08-24T00:42:00,251.0,0.4,2.22,99.71,11925,4.6,LOW,0,LOW,CONTINUE,CONTINUE,21.3,3.1
REL-2026-0314,HOSP-MCH-04,Metro Care Hospital,Laboratory Application,v1.2.1,2026-08-23T22:36:00,913.2,40.5,9.02,95.7,3128,21.8,HIGH,100,CRITICAL,ROLLBACK RECOMMENDED (HIGH IMPACT CONFIRMATION REQUIRED),ROLLBACK,59.4,3.7
REL-2026-0315,HOSP-GVH-05,Green Valley Hospital,Electronic Health Record Service,v2.4.2,2026-08-23T20:30:00,2127.4,93.4,10.7,97.15,3408,14.8,HIGH,100,CRITICAL,ROLLBACK RECOMMENDED (HIGH IMPACT CONFIRMATION REQUIRED),ROLLBACK,56.9,5.3
REL-2026-0316,HOSP-CGH-01,City General Hospital,Pharmacy Management Service,v4.0.9,2026-08-23T18:24:00,1118.7,24.3,3.54,99.17,8850,11.5,LOW,25,LOW,CONTINUE,HUMAN REVIEW,41.2,3.4
REL-2026-0317,HOSP-SMMC-02,St. Mary's Medical Center,Radiology PACS,v2.4.0,2026-08-23T16:18:00,402.0,0.5,1.52,99.94,2500,0.0,LOW,0,LOW,CONTINUE,CONTINUE,24.3,3.0
REL-2026-0318,HOSP-LKH-03,Lakeside Hospital,Patient Billing & Scheduling,v5.5.7,2026-08-23T14:12:00,1658.8,50.8,13.32,96.63,10975,12.2,HIGH,100,CRITICAL,ROLLBACK RECOMMENDED (HIGH IMPACT CONFIRMATION REQUIRED),ROLLBACK,43.5,4.1
REL-2026-0319,HOSP-MCH-04,Metro Care Hospital,Clinical Portal,v5.13.8,2026-08-23T12:06:00,756.6,16.4,2.06,99.93,7155,4.6,LOW,0,LOW,CONTINUE,CONTINUE,19.4,2.2
REL-2026-0320,HOSP-GVH-05,Green Valley Hospital,Laboratory Application,v5.11.2,2026-08-23T10:00:00,1115.4,71.6,13.89,97.69,9675,22.6,CRITICAL,100,CRITICAL,ROLLBACK RECOMMENDED (HIGH IMPACT CONFIRMATION REQUIRED),ROLLBACK,49.4,5.2
REL-2026-0321,HOSP-CGH-01,City General Hospital,Electronic Health Record Service,v5.13.6,2026-08-23T07:54:00,228.2,-8.7,1.54,99.98,3828,4.3,LOW,0,LOW,CONTINUE,CONTINUE,16.8,2.8
REL-2026-0322,HOSP-SMMC-02,St. Mary's Medical Center,Pharmacy Management Service,v3.10.6,2026-08-23T05:48:00,268.5,7.4,1.74,99.63,2462,1.5,LOW,0,LOW,CONTINUE,CONTINUE,22.6,2.6
REL-2026-0323,HOSP-LKH-03,Lakeside Hospital,Radiology PACS,v4.13.0,2026-08-23T03:42:00,1193.5,8.5,2.29,99.85,7140,4.8,LOW,0,LOW,CONTINUE,CONTINUE,17.3,2.8
REL-2026-0324,HOSP-MCH-04,Metro Care Hospital,Patient Billing & Scheduling,v4.5.9,2026-08-23T01:36:00,214.2,-14.3,1.46,99.96,7350,2.0,LOW,0,LOW,CONTINUE,CONTINUE,16.0,2.3
REL-2026-0325,HOSP-GVH-05,Green Valley Hospital,Clinical Portal,v2.9.2,2026-08-22T23:30:00,1362.6,51.4,12.79,96.06,5400,28.0,HIGH,100,CRITICAL,ROLLBACK RECOMMENDED (HIGH IMPACT CONFIRMATION REQUIRED),ROLLBACK,50.9,4.0
REL-2026-0326,HOSP-CGH-01,City General Hospital,Laboratory Application,v1.4.3,2026-08-22T21:24:00,558.4,-14.1,1.23,99.67,3880,3.0,LOW,0,LOW,CONTINUE,CONTINUE,26.0,2.9
REL-2026-0327,HOSP-SMMC-02,St. Mary's Medical Center,Electronic Health Record Service,v1.9.3,2026-08-22T19:18:00,1054.9,-4.1,0.16,99.94,7117,5.1,LOW,0,LOW,CONTINUE,CONTINUE,22.0,2.1
REL-2026-0328,HOSP-LKH-03,Lakeside Hospital,Pharmacy Management Service,v5.11.8,2026-08-22T17:12:00,251.0,0.4,0.34,99.71,3964,0.9,LOW,0,LOW,CONTINUE,CONTINUE,29.4,3.0
REL-2026-0329,HOSP-MCH-04,Metro Care Hospital,Radiology PACS,v4.1.1,2026-08-22T15:06:00,227.5,-9.0,0.81,99.81,2365,5.4,LOW,0,LOW,CONTINUE,CONTINUE,17.0,2.8
REL-2026-0330,HOSP-GVH-05,Green Valley Hospital,Patient Billing & Scheduling,v4.4.1,2026-08-22T13:00:00,1257.3,14.3,1.76,99.72,2407,3.7,LOW,0,LOW,CONTINUE,CONTINUE,25.7,3.2
REL-2026-0331,HOSP-CGH-01,City General Hospital,Clinical Portal,v4.15.0,2026-08-22T10:54:00,1048.5,61.3,7.47,98.36,6270,16.4,CRITICAL,100,CRITICAL,ROLLBACK RECOMMENDED (HIGH IMPACT CONFIRMATION REQUIRED),ROLLBACK,60.1,4.3
REL-2026-0332,HOSP-SMMC-02,St. Mary's Medical Center,Laboratory Application,v1.9.8,2026-08-22T08:48:00,973.7,49.8,8.46,96.98,9400,24.8,CRITICAL,100,CRITICAL,ROLLBACK RECOMMENDED (HIGH IMPACT CONFIRMATION REQUIRED),ROLLBACK,58.0,5.1
REL-2026-0333,HOSP-LKH-03,Lakeside Hospital,Electronic Health Record Service,v3.7.2,2026-08-22T06:42:00,815.4,-9.4,1.23,99.68,12450,0.4,MEDIUM,0,LOW,CONTINUE,CONTINUE,23.9,3.4
REL-2026-0334,HOSP-MCH-04,Metro Care Hospital,Pharmacy Management Service,v4.1.1,2026-08-22T04:36:00,795.6,-11.6,1.14,99.76,7365,1.8,MEDIUM,0,LOW,CONTINUE,CONTINUE,16.6,3.5
REL-2026-0335,HOSP-GVH-05,Green Valley Hospital,Radiology PACS,v5.9.6,2026-08-22T02:30:00,1128.4,73.6,9.35,97.4,6150,18.0,CRITICAL,100,CRITICAL,ROLLBACK RECOMMENDED (HIGH IMPACT CONFIRMATION REQUIRED),ROLLBACK,44.3,4.9
REL-2026-0336,HOSP-CGH-01,City General Hospital,Patient Billing & Scheduling,v3.0.3,2026-08-22T00:24:00,745.6,14.7,2.14,99.95,2490,0.4,LOW,0,LOW,CONTINUE,CONTINUE,15.0,3.0
REL-2026-0337,HOSP-SMMC-02,St. Mary's Medical Center,Clinical Portal,v3.4.2,2026-08-21T22:18:00,936.9,4.1,1.67,99.67,3888,2.8,LOW,0,LOW,CONTINUE,CONTINUE,27.6,2.6
REL-2026-0338,HOSP-LKH-03,Lakeside Hospital,Laboratory Application,v5.5.7,2026-08-21T20:12:00,1103.3,0.3,2.48,99.85,9950,0.5,LOW,0,LOW,CONTINUE,CONTINUE,27.9,3.6
REL-2026-0339,HOSP-MCH-04,Metro Care Hospital,Electronic Health Record Service,v3.1.0,2026-08-21T18:06:00,1098.9,-0.1,0.07,99.89,12125,3.0,MEDIUM,0,LOW,CONTINUE,CONTINUE,22.5,2.7
REL-2026-0340,HOSP-GVH-05,Green Valley Hospital,Pharmacy Management Service,v2.15.1,2026-08-21T16:00:00,1333.2,21.2,5.19,99.1,2260,9.6,MEDIUM,30,MEDIUM,HUMAN REVIEW,HUMAN REVIEW,38.4,3.1
REL-2026-0341,HOSP-CGH-01,City General Hospital,Radiology PACS,v2.1.9,2026-08-21T13:54:00,555.1,-14.6,1.16,99.82,7095,5.4,LOW,0,LOW,CONTINUE,CONTINUE,21.3,3.7
REL-2026-0342,HOSP-SMMC-02,St. Mary's Medical Center,Patient Billing & Scheduling,v3.4.9,2026-08-21T11:48:00,217.0,-13.2,2.48,99.84,7132,4.9,LOW,0,LOW,CONTINUE,CONTINUE,22.3,2.2
REL-2026-0343,HOSP-LKH-03,Lakeside Hospital,Clinical Portal,v5.1.5,2026-08-21T09:42:00,1703.7,89.3,11.78,96.44,2928,26.8,HIGH,100,CRITICAL,ROLLBACK RECOMMENDED (HIGH IMPACT CONFIRMATION REQUIRED),ROLLBACK,45.7,4.9
REL-2026-0344,HOSP-MCH-04,Metro Care Hospital,Laboratory Application,v3.3.0,2026-08-21T07:36:00,1027.0,58.0,8.76,97.83,1827,26.9,HIGH,100,CRITICAL,ROLLBACK RECOMMENDED (HIGH IMPACT CONFIRMATION REQUIRED),ROLLBACK,44.6,5.0
REL-2026-0345,HOSP-GVH-05,Green Valley Hospital,Electronic Health Record Service,v3.14.6,2026-08-21T05:30:00,1614.6,79.4,10.03,97.75,1997,20.1,CRITICAL,100,CRITICAL,ROLLBACK RECOMMENDED (HIGH IMPACT CONFIRMATION REQUIRED),ROLLBACK,45.8,4.6
REL-2026-0346,HOSP-CGH-01,City General Hospital,Pharmacy Management Service,v4.7.9,2026-08-21T03:24:00,1391.5,26.5,5.75,98.73,8870,11.3,MEDIUM,75,HIGH,ROLLBACK RECOMMENDED,HUMAN REVIEW,44.4,3.4
REL-2026-0347,HOSP-SMMC-02,St. Mary's Medical Center,Radiology PACS,v1.0.9,2026-08-21T01:18:00,1198.6,84.4,5.6,95.41,3468,13.3,CRITICAL,100,CRITICAL,ROLLBACK RECOMMENDED (HIGH IMPACT CONFIRMATION REQUIRED),ROLLBACK,47.7,5.0
REL-2026-0348,HOSP-LKH-03,Lakeside Hospital,Patient Billing & Scheduling,v1.5.4,2026-08-20T23:12:00,1166.0,6.0,0.35,99.63,3772,5.7,MEDIUM,0,LOW,CONTINUE,CONTINUE,16.9,3.2
REL-2026-0349,HOSP-MCH-04,Metro Care Hospital,Clinical Portal,v4.10.0,2026-08-20T21:06:00,328.8,31.5,5.08,99.04,8970,10.3,MEDIUM,85,CRITICAL,ROLLBACK RECOMMENDED (HIGH IMPACT CONFIRMATION REQUIRED),HUMAN REVIEW,32.9,3.1
REL-2026-0350,HOSP-GVH-05,Green Valley Hospital,Laboratory Application,v3.3.0,2026-08-20T19:00:00,307.5,23.0,4.18,98.58,8980,10.2,HIGH,70,HIGH,ROLLBACK RECOMMENDED,HUMAN REVIEW,43.8,3.3
REL-2026-0351,HOSP-CGH-01,City General Hospital,Electronic Health Record Service,v5.0.8,2026-08-20T16:54:00,756.6,16.4,0.41,99.96,9620,3.8,MEDIUM,0,LOW,CONTINUE,CONTINUE,20.9,2.3
REL-2026-0352,HOSP-SMMC-02,St. Mary's Medical Center,Pharmacy Management Service,v3.12.0,2026-08-20T14:48:00,1179.8,81.5,10.09,98.72,6667,11.1,CRITICAL,100,CRITICAL,ROLLBACK RECOMMENDED (HIGH IMPACT CONFIRMATION REQUIRED),ROLLBACK,42.7,4.6
REL-2026-0353,HOSP-LKH-03,Lakeside Hospital,Radiology PACS,v3.15.1,2026-08-20T12:42:00,1006.2,11.8,1.64,99.62,2472,1.1,LOW,0,LOW,CONTINUE,CONTINUE,24.9,2.5
REL-2026-0354,HOSP-MCH-04,Metro Care Hospital,Patient Billing & Scheduling,v1.10.0,2026-08-20T10:36:00,1524.6,69.4,9.66,97.11,2187,12.5,CRITICAL,100,CRITICAL,ROLLBACK RECOMMENDED (HIGH IMPACT CONFIRMATION REQUIRED),ROLLBACK,51.0,5.4
REL-2026-0355,HOSP-GVH-05,Green Valley Hospital,Clinical Portal,v1.15.9,2026-08-20T08:30:00,660.0,65.0,13.49,97.09,6810,31.9,HIGH,100,CRITICAL,ROLLBACK RECOMMENDED (HIGH IMPACT CONFIRMATION REQUIRED),ROLLBACK,60.3,3.6
REL-2026-0356,HOSP-CGH-01,City General Hospital,Laboratory Application,v5.7.1,2026-08-20T06:24:00,239.5,-4.2,1.99,99.67,9730,2.7,MEDIUM,0,LOW,CONTINUE,CONTINUE,16.0,3.5
REL-2026-0357,HOSP-SMMC-02,St. Mary's Medical Center,Electronic Health Record Service,v1.8.2,2026-08-20T04:18:00,774.8,19.2,1.46,99.93,2480,0.8,LOW,0,LOW,CONTINUE,CONTINUE,26.5,3.1
REL-2026-0358,HOSP-LKH-03,Lakeside Hospital,Pharmacy Management Service,v1.0.2,2026-08-20T02:12:00,948.6,5.4,0.38,99.85,2382,4.7,LOW,0,LOW,CONTINUE,CONTINUE,26.7,2.0
REL-2026-0359,HOSP-MCH-04,Metro Care Hospital,Radiology PACS,v2.15.9,2026-08-20T00:06:00,439.0,75.6,7.25,97.04,9200,26.4,CRITICAL,100,CRITICAL,ROLLBACK RECOMMENDED (HIGH IMPACT CONFIRMATION REQUIRED),ROLLBACK,45.3,3.8
REL-2026-0360,HOSP-GVH-05,Green Valley Hospital,Patient Billing & Scheduling,v1.6.1,2026-08-19T22:00:00,356.4,-10.9,1.35,99.74,7455,0.6,MEDIUM,0,LOW,CONTINUE,CONTINUE,22.6,2.8
REL-2026-0361,HOSP-CGH-01,City General Hospital,Clinical Portal,v1.5.2,2026-08-19T19:54:00,302.0,20.8,4.09,98.68,2300,8.0,HIGH,45,MEDIUM,HUMAN REVIEW,HUMAN REVIEW,44.5,4.1
REL-2026-0362,HOSP-SMMC-02,St. Mary's Medical Center,Laboratory Application,v2.13.3,2026-08-19T17:48:00,402.4,0.6,1.47,99.89,2437,2.5,LOW,0,LOW,CONTINUE,CONTINUE,18.5,2.2
REL-2026-0363,HOSP-LKH-03,Lakeside Hospital,Electronic Health Record Service,v2.10.2,2026-08-19T15:42:00,651.9,0.3,0.58,99.67,7222,3.7,LOW,0,LOW,CONTINUE,CONTINUE,17.0,3.3
REL-2026-0364,HOSP-MCH-04,Metro Care Hospital,Pharmacy Management Service,v5.7.1,2026-08-19T13:36:00,1095.6,-0.4,1.91,99.72,3948,1.3,LOW,0,LOW,CONTINUE,CONTINUE,26.8,3.1
REL-2026-0365,HOSP-GVH-05,Green Valley Hospital,Radiology PACS,v5.0.6,2026-08-19T11:30:00,940.5,-14.5,1.1,99.7,3792,5.2,LOW,0,LOW,CONTINUE,CONTINUE,23.7,3.6
REL-2026-0366,HOSP-CGH-01,City General Hospital,Patient Billing & Scheduling,v2.4.5,2026-08-19T09:24:00,259.0,3.6,1.22,99.92,9520,4.8,LOW,0,LOW,CONTINUE,CONTINUE,22.4,2.1
REL-2026-0367,HOSP-SMMC-02,St. Mary's Medical Center,Clinical Portal,v3.14.0,2026-08-19T07:18:00,986.4,9.6,2.15,99.61,3820,4.5,LOW,0,LOW,CONTINUE,CONTINUE,22.0,2.2
REL-2026-0368,HOSP-LKH-03,Lakeside Hospital,Laboratory Application,v3.1.1,2026-08-19T05:12:00,236.0,-5.6,2.37,99.91,12087,3.3,MEDIUM,0,LOW,CONTINUE,CONTINUE,16.2,3.6
REL-2026-0369,HOSP-MCH-04,Metro Care Hospital,Electronic Health Record Service,v5.6.3,2026-08-19T03:06:00,269.2,7.7,1.78,99.9,9660,3.4,LOW,0,LOW,CONTINUE,CONTINUE,29.7,2.4
REL-2026-0370,HOSP-GVH-05,Green Valley Hospital,Pharmacy Management Service,v4.11.1,2026-08-19T01:00:00,959.2,-12.8,0.9,99.81,7282,2.9,LOW,0,LOW,CONTINUE,CONTINUE,22.1,3.0
REL-2026-0371,HOSP-CGH-01,City General Hospital,Radiology PACS,v3.13.8,2026-08-18T22:54:00,1303.5,18.5,0.24,99.64,2475,1.0,LOW,0,LOW,CONTINUE,CONTINUE,22.4,3.6
REL-2026-0372,HOSP-SMMC-02,St. Mary's Medical Center,Patient Billing & Scheduling,v5.14.7,2026-08-18T20:48:00,977.6,50.4,6.04,95.91,6810,31.9,CRITICAL,100,CRITICAL,ROLLBACK RECOMMENDED (HIGH IMPACT CONFIRMATION REQUIRED),ROLLBACK,49.1,4.2
REL-2026-0373,HOSP-LKH-03,Lakeside Hospital,Clinical Portal,v3.5.2,2026-08-18T18:42:00,392.0,-2.0,0.76,99.66,11862,5.1,LOW,0,LOW,CONTINUE,CONTINUE,21.8,2.3
REL-2026-0374,HOSP-MCH-04,Metro Care Hospital,Laboratory Application,v4.5.8,2026-08-18T16:36:00,357.6,-10.6,0.69,99.82,7417,1.1,LOW,0,LOW,CONTINUE,CONTINUE,25.0,3.8
REL-2026-0375,HOSP-GVH-05,Green Valley Hospital,Electronic Health Record Service,v2.14.5,2026-08-18T14:30:00,1246.0,91.7,13.39,98.78,10662,14.7,CRITICAL,100,CRITICAL,ROLLBACK RECOMMENDED (HIGH IMPACT CONFIRMATION REQUIRED),ROLLBACK,54.2,4.1
REL-2026-0376,HOSP-CGH-01,City General Hospital,Pharmacy Management Service,v2.8.3,2026-08-18T12:24:00,944.9,-14.1,1.56,99.74,12337,1.3,LOW,0,LOW,CONTINUE,CONTINUE,15.8,3.2
REL-2026-0377,HOSP-SMMC-02,St. Mary's Medical Center,Radiology PACS,v2.13.5,2026-08-18T10:18:00,874.9,34.6,4.18,98.92,9050,9.5,HIGH,75,HIGH,ROLLBACK RECOMMENDED,HUMAN REVIEW,47.0,4.4
REL-2026-0378,HOSP-LKH-03,Lakeside Hospital,Patient Billing & Scheduling,v4.13.2,2026-08-18T08:12:00,653.9,0.6,1.42,99.95,3948,1.3,MEDIUM,0,LOW,CONTINUE,CONTINUE,29.9,3.4
REL-2026-0379,HOSP-MCH-04,Metro Care Hospital,Clinical Portal,v2.14.9,2026-08-18T06:06:00,831.3,27.9,4.01,98.91,8830,11.7,MEDIUM,45,MEDIUM,HUMAN REVIEW,HUMAN REVIEW,31.6,3.6
REL-2026-0380,HOSP-GVH-05,Green Valley Hospital,Laboratory Application,v3.9.7,2026-08-18T04:00:00,284.5,13.8,0.79,99.79,3860,3.5,MEDIUM,0,LOW,CONTINUE,CONTINUE,22.0,2.0
REL-2026-0381,HOSP-CGH-01,City General Hospital,Electronic Health Record Service,v4.8.7,2026-08-18T01:54:00,1326.6,47.4,6.51,98.88,10287,17.7,HIGH,100,CRITICAL,ROLLBACK RECOMMENDED (HIGH IMPACT CONFIRMATION REQUIRED),ROLLBACK,53.2,4.2
REL-2026-0382,HOSP-SMMC-02,St. Mary's Medical Center,Pharmacy Management Service,v3.1.4,2026-08-17T23:48:00,925.0,42.3,6.0,98.43,8129,18.7,HIGH,100,CRITICAL,ROLLBACK RECOMMENDED (HIGH IMPACT CONFIRMATION REQUIRED),ROLLBACK,47.9,3.6
REL-2026-0383,HOSP-LKH-03,Lakeside Hospital,Radiology PACS,v5.11.2,2026-08-17T21:42:00,574.0,-11.7,1.89,99.94,2417,3.3,MEDIUM,0,LOW,CONTINUE,CONTINUE,27.0,2.5
REL-2026-0384,HOSP-MCH-04,Metro Care Hospital,Patient Billing & Scheduling,v5.3.6,2026-08-17T19:36:00,1065.9,-3.1,2.28,99.66,12425,0.6,LOW,0,LOW,CONTINUE,CONTINUE,27.5,3.4
REL-2026-0385,HOSP-GVH-05,Green Valley Hospital,Clinical Portal,v1.3.3,2026-08-17T17:30:00,383.6,-4.1,0.94,99.95,7132,4.9,MEDIUM,0,LOW,CONTINUE,CONTINUE,22.8,3.7
REL-2026-0386,HOSP-CGH-01,City General Hospital,Laboratory Application,v5.1.7,2026-08-17T15:24:00,219.5,-12.2,1.74,99.63,2382,4.7,LOW,0,LOW,CONTINUE,CONTINUE,26.4,2.1
REL-2026-0387,HOSP-SMMC-02,St. Mary's Medical Center,Electronic Health Record Service,v3.11.5,2026-08-17T13:18:00,221.0,-11.6,0.35,99.83,3856,3.6,LOW,0,LOW,CONTINUE,CONTINUE,17.8,2.6
REL-2026-0388,HOSP-LKH-03,Lakeside Hospital,Pharmacy Management Service,v5.15.5,2026-08-17T11:12:00,450.2,80.1,10.0,98.76,2872,28.2,HIGH,100,CRITICAL,ROLLBACK RECOMMENDED (HIGH IMPACT CONFIRMATION REQUIRED),ROLLBACK,59.8,4.6
REL-2026-0389,HOSP-MCH-04,Metro Care Hospital,Radiology PACS,v5.4.7,2026-08-17T09:06:00,876.6,-2.6,0.98,99.69,2467,1.3,LOW,0,LOW,CONTINUE,CONTINUE,26.4,2.6
REL-2026-0390,HOSP-GVH-05,Green Valley Hospital,Patient Billing & Scheduling,v1.15.5,2026-08-17T07:00:00,801.9,-10.9,0.74,99.72,3856,3.6,LOW,0,LOW,CONTINUE,CONTINUE,18.4,2.7
REL-2026-0391,HOSP-CGH-01,City General Hospital,Clinical Portal,v3.6.5,2026-08-17T04:54:00,432.0,8.0,0.26,99.76,2477,0.9,MEDIUM,0,LOW,CONTINUE,CONTINUE,29.7,3.3
REL-2026-0392,HOSP-SMMC-02,St. Mary's Medical Center,Laboratory Application,v5.8.2,2026-08-17T02:48:00,1345.5,49.5,11.56,96.06,7500,25.0,CRITICAL,100,CRITICAL,ROLLBACK RECOMMENDED (HIGH IMPACT CONFIRMATION REQUIRED),ROLLBACK,47.8,4.8
REL-2026-0393,HOSP-LKH-03,Lakeside Hospital,Electronic Health Record Service,v3.4.4,2026-08-17T00:42:00,1062.0,18.0,0.12,99.92,11950,4.4,LOW,0,LOW,CONTINUE,CONTINUE,25.2,3.7
REL-2026-0394,HOSP-MCH-04,Metro Care Hospital,Pharmacy Management Service,v1.1.6,2026-08-16T22:36:00,2000.9,81.9,7.22,96.91,9137,26.9,CRITICAL,100,CRITICAL,ROLLBACK RECOMMENDED (HIGH IMPACT CONFIRMATION REQUIRED),ROLLBACK,51.9,5.1
REL-2026-0395,HOSP-GVH-05,Green Valley Hospital,Radiology PACS,v4.3.9,2026-08-16T20:30:00,561.0,-13.7,0.48,99.9,9600,4.0,MEDIUM,0,LOW,CONTINUE,CONTINUE,17.5,2.8
REL-2026-0396,HOSP-CGH-01,City General Hospital,Patient Billing & Scheduling,v5.1.2,2026-08-16T18:24:00,246.8,-1.3,1.26,99.84,2355,5.8,LOW,0,LOW,CONTINUE,CONTINUE,26.5,2.5
REL-2026-0397,HOSP-SMMC-02,St. Mary's Medical Center,Clinical Portal,v1.2.4,2026-08-16T16:18:00,1014.0,56.0,9.14,96.61,8150,34.8,HIGH,100,CRITICAL,ROLLBACK RECOMMENDED (HIGH IMPACT CONFIRMATION REQUIRED),ROLLBACK,54.5,4.0
REL-2026-0398,HOSP-LKH-03,Lakeside Hospital,Laboratory Application,v5.12.5,2026-08-16T14:12:00,702.0,8.0,1.09,99.76,9690,3.1,LOW,0,LOW,CONTINUE,CONTINUE,25.4,3.1
REL-2026-0399,HOSP-MCH-04,Metro Care Hospital,Electronic Health Record Service,v5.6.4,2026-08-16T12:06:00,921.6,2.4,2.04,99.66,2400,4.0,LOW,0,LOW,CONTINUE,CONTINUE,20.5,2.8
REL-2026-0400,HOSP-GVH-05,Green Valley Hospital,Pharmacy Management Service,v4.6.5,2026-08-16T10:00:00,1221.0,11.0,0.28,99.64,9490,5.1,LOW,0,LOW,CONTINUE,CONTINUE,19.1,3.0
REL-2026-0401,HOSP-CGH-01,City General Hospital,Radiology PACS,v5.15.3,2026-08-16T07:54:00,1012.0,-8.0,1.04,99.78,3852,3.7,MEDIUM,0,LOW,CONTINUE,CONTINUE,17.7,2.0
REL-2026-0402,HOSP-SMMC-02,St. Mary's Medical Center,Patient Billing & Scheduling,v4.10.1,2026-08-16T05:48:00,871.0,34.0,5.18,98.64,9270,7.3,MEDIUM,80,CRITICAL,ROLLBACK RECOMMENDED (HIGH IMPACT CONFIRMATION REQUIRED),HUMAN REVIEW,32.7,3.2
REL-2026-0403,HOSP-LKH-03,Lakeside Hospital,Clinical Portal,v4.13.0,2026-08-16T03:42:00,954.0,6.0,1.04,99.67,12412,0.7,LOW,0,LOW,CONTINUE,CONTINUE,27.0,2.6
REL-2026-0404,HOSP-MCH-04,Metro Care Hospital,Laboratory Application,v5.9.1,2026-08-16T01:36:00,373.8,49.5,10.18,95.16,5512,26.5,CRITICAL,100,CRITICAL,ROLLBACK RECOMMENDED (HIGH IMPACT CONFIRMATION REQUIRED),ROLLBACK,57.2,3.6
REL-2026-0405,HOSP-GVH-05,Green Valley Hospital,Electronic Health Record Service,v3.10.9,2026-08-15T23:30:00,1549.9,40.9,6.45,98.64,1785,28.6,CRITICAL,100,CRITICAL,ROLLBACK RECOMMENDED (HIGH IMPACT CONFIRMATION REQUIRED),ROLLBACK,50.9,3.7
REL-2026-0406,HOSP-CGH-01,City General Hospital,Pharmacy Management Service,v5.13.7,2026-08-15T21:24:00,297.2,18.9,1.13,99.83,7387,1.5,LOW,0,LOW,CONTINUE,CONTINUE,23.0,3.3
REL-2026-0407,HOSP-SMMC-02,St. Mary's Medical Center,Radiology PACS,v5.12.4,2026-08-15T19:18:00,383.2,-4.2,1.63,99.61,7095,5.4,MEDIUM,0,LOW,CONTINUE,CONTINUE,24.9,3.7
REL-2026-0408,HOSP-LKH-03,Lakeside Hospital,Patient Billing & Scheduling,v2.14.5,2026-08-15T17:12:00,759.2,16.8,1.01,99.7,3764,5.9,LOW,0,LOW,CONTINUE,CONTINUE,29.0,3.4
REL-2026-0409,HOSP-MCH-04,Metro Care Hospital,Clinical Portal,v3.13.9,2026-08-15T15:06:00,1398.1,27.1,4.24,99.0,2220,11.2,LOW,25,LOW,CONTINUE,HUMAN REVIEW,44.8,4.0
REL-2026-0410,HOSP-GVH-05,Green Valley Hospital,Laboratory Application,v1.5.3,2026-08-15T13:00:00,1182.5,7.5,1.59,99.65,2382,4.7,LOW,0,LOW,CONTINUE,CONTINUE,18.0,2.5
REL-2026-0411,HOSP-CGH-01,City General Hospital,Electronic Health Record Service,v4.11.2,2026-08-15T10:54:00,507.2,26.8,5.62,98.62,2307,7.7,HIGH,75,HIGH,ROLLBACK RECOMMENDED,HUMAN REVIEW,44.9,4.2
REL-2026-0412,HOSP-SMMC-02,St. Mary's Medical Center,Pharmacy Management Service,v4.13.9,2026-08-15T08:48:00,418.0,4.5,1.55,99.63,2465,1.4,LOW,0,LOW,CONTINUE,CONTINUE,18.0,3.3
REL-2026-0413,HOSP-LKH-03,Lakeside Hospital,Radiology PACS,v3.9.7,2026-08-15T06:42:00,342.0,-14.5,1.34,99.96,3816,4.6,MEDIUM,0,LOW,CONTINUE,CONTINUE,22.4,2.4
REL-2026-0414,HOSP-MCH-04,Metro Care Hospital,Patient Billing & Scheduling,v4.7.5,2026-08-15T04:36:00,496.8,24.2,5.03,98.79,11362,9.1,LOW,50,MEDIUM,HUMAN REVIEW,HUMAN REVIEW,30.5,4.5
REL-2026-0415,HOSP-GVH-05,Green Valley Hospital,Clinical Portal,v1.1.5,2026-08-15T02:30:00,336.5,34.6,4.19,98.77,11487,8.1,MEDIUM,50,MEDIUM,HUMAN REVIEW,HUMAN REVIEW,43.2,3.4
REL-2026-0416,HOSP-CGH-01,City General Hospital,Laboratory Application,v5.1.9,2026-08-15T00:24:00,838.5,29.0,5.24,98.68,3711,7.2,HIGH,75,HIGH,ROLLBACK RECOMMENDED,HUMAN REVIEW,36.9,4.5
REL-2026-0417,HOSP-SMMC-02,St. Mary's Medical Center,Electronic Health Record Service,v3.11.6,2026-08-14T22:18:00,405.6,1.4,0.27,99.77,9570,4.3,LOW,0,LOW,CONTINUE,CONTINUE,16.8,2.1
REL-2026-0418,HOSP-LKH-03,Lakeside Hospital,Pharmacy Management Service,v2.4.0,2026-08-14T20:12:00,817.2,-9.2,1.86,99.97,2427,2.9,MEDIUM,0,LOW,CONTINUE,CONTINUE,27.8,3.2
REL-2026-0419,HOSP-MCH-04,Metro Care Hospital,Radiology PACS,v1.4.1,2026-08-14T18:06:00,1435.5,59.5,13.96,95.16,6670,33.3,CRITICAL,100,CRITICAL,ROLLBACK RECOMMENDED (HIGH IMPACT CONFIRMATION REQUIRED),ROLLBACK,61.8,4.6
REL-2026-0420,HOSP-GVH-05,Green Valley Hospital,Patient Billing & Scheduling,v4.2.3,2026-08-14T16:00:00,1130.8,2.8,0.72,99.83,3788,5.3,MEDIUM,0,LOW,CONTINUE,CONTINUE,30.0,2.0
REL-2026-0421,HOSP-CGH-01,City General Hospital,Clinical Portal,v3.0.5,2026-08-14T13:54:00,1096.2,21.8,4.12,98.57,8840,11.6,MEDIUM,45,MEDIUM,HUMAN REVIEW,HUMAN REVIEW,32.8,3.1
REL-2026-0422,HOSP-SMMC-02,St. Mary's Medical Center,Laboratory Application,v5.12.1,2026-08-14T11:48:00,330.0,32.0,3.39,99.06,11087,11.3,MEDIUM,55,MEDIUM,HUMAN REVIEW,HUMAN REVIEW,35.8,3.1
REL-2026-0423,HOSP-LKH-03,Lakeside Hospital,Electronic Health Record Service,v3.15.6,2026-08-14T09:42:00,485.2,21.3,5.56,99.05,2305,7.8,MEDIUM,30,MEDIUM,HUMAN REVIEW,HUMAN REVIEW,41.6,4.4
REL-2026-0424,HOSP-MCH-04,Metro Care Hospital,Pharmacy Management Service,v2.13.6,2026-08-14T07:36:00,598.0,-8.0,1.14,99.7,12212,2.3,MEDIUM,0,LOW,CONTINUE,CONTINUE,21.3,3.4
REL-2026-0425,HOSP-GVH-05,Green Valley Hospital,Radiology PACS,v2.4.4,2026-08-14T05:30:00,1555.2,72.8,11.57,97.06,5002,33.3,HIGH,100,CRITICAL,ROLLBACK RECOMMENDED (HIGH IMPACT CONFIRMATION REQUIRED),ROLLBACK,46.4,4.4
REL-2026-0426,HOSP-CGH-01,City General Hospital,Patient Billing & Scheduling,v5.2.8,2026-08-14T03:24:00,562.9,-13.4,0.31,99.64,7312,2.5,MEDIUM,0,LOW,CONTINUE,CONTINUE,25.8,3.5
REL-2026-0427,HOSP-SMMC-02,St. Mary's Medical Center,Clinical Portal,v2.6.2,2026-08-14T01:18:00,876.9,34.9,9.04,96.22,5407,27.9,CRITICAL,100,CRITICAL,ROLLBACK RECOMMENDED (HIGH IMPACT CONFIRMATION REQUIRED),ROLLBACK,56.7,4.4
REL-2026-0428,HOSP-LKH-03,Lakeside Hospital,Laboratory Application,v5.11.6,2026-08-13T23:12:00,801.9,-10.9,0.47,99.87,7282,2.9,MEDIUM,0,LOW,CONTINUE,CONTINUE,29.5,3.1
REL-2026-0429,HOSP-MCH-04,Metro Care Hospital,Electronic Health Record Service,v1.9.7,2026-08-13T21:06:00,941.6,-14.4,2.43,99.68,3792,5.2,MEDIUM,0,LOW,CONTINUE,CONTINUE,17.2,2.4
REL-2026-0430,HOSP-GVH-05,Green Valley Hospital,Pharmacy Management Service,v1.10.0,2026-08-13T19:00:00,1442.1,31.1,4.34,98.51,9060,9.4,MEDIUM,50,MEDIUM,HUMAN REVIEW,HUMAN REVIEW,40.5,3.3
REL-2026-0431,HOSP-CGH-01,City General Hospital,Radiology PACS,v1.0.6,2026-08-13T16:54:00,939.6,4.4,0.76,99.79,3884,2.9,MEDIUM,0,LOW,CONTINUE,CONTINUE,25.9,3.7
REL-2026-0432,HOSP-SMMC-02,St. Mary's Medical Center,Patient Billing & Scheduling,v4.11.7,2026-08-13T14:48:00,1222.0,88.0,6.49,97.52,2964,25.9,CRITICAL,100,CRITICAL,ROLLBACK RECOMMENDED (HIGH IMPACT CONFIRMATION REQUIRED),ROLLBACK,55.3,3.5
REL-2026-0433,HOSP-LKH-03,Lakeside Hospital,Clinical Portal,v2.6.4,2026-08-13T12:42:00,1203.2,85.1,11.08,96.14,8590,14.1,CRITICAL,100,CRITICAL,ROLLBACK RECOMMENDED (HIGH IMPACT CONFIRMATION REQUIRED),ROLLBACK,61.1,5.2
REL-2026-0434,HOSP-MCH-04,Metro Care Hospital,Laboratory Application,v3.5.2,2026-08-13T10:36:00,899.6,38.4,9.04,96.18,4882,34.9,HIGH,100,CRITICAL,ROLLBACK RECOMMENDED (HIGH IMPACT CONFIRMATION REQUIRED),ROLLBACK,52.3,5.5
REL-2026-0435,HOSP-GVH-05,Green Valley Hospital,Electronic Health Record Service,v2.3.0,2026-08-13T08:30:00,1535.6,39.6,7.4,96.33,6210,17.2,CRITICAL,100,CRITICAL,ROLLBACK RECOMMENDED (HIGH IMPACT CONFIRMATION REQUIRED),ROLLBACK,56.9,5.0
REL-2026-0436,HOSP-CGH-01,City General Hospital,Pharmacy Management Service,v3.14.8,2026-08-13T06:24:00,1209.7,86.1,6.37,96.98,3020,24.5,HIGH,100,CRITICAL,ROLLBACK RECOMMENDED (HIGH IMPACT CONFIRMATION REQUIRED),ROLLBACK,53.9,5.2
REL-2026-0437,HOSP-SMMC-02,St. Mary's Medical Center,Radiology PACS,v5.5.1,2026-08-13T04:18:00,908.1,39.7,7.22,98.0,4927,34.3,HIGH,100,CRITICAL,ROLLBACK RECOMMENDED (HIGH IMPACT CONFIRMATION REQUIRED),ROLLBACK,45.4,5.1
REL-2026-0438,HOSP-LKH-03,Lakeside Hospital,Patient Billing & Scheduling,v3.0.7,2026-08-13T02:12:00,1002.6,11.4,1.35,99.65,11912,4.7,LOW,0,LOW,CONTINUE,CONTINUE,21.2,2.7
REL-2026-0439,HOSP-MCH-04,Metro Care Hospital,Clinical Portal,v5.9.6,2026-08-13T00:06:00,1313.4,19.4,0.45,99.9,2490,0.4,MEDIUM,0,LOW,CONTINUE,CONTINUE,28.8,2.3
REL-2026-0440,HOSP-GVH-05,Green Valley Hospital,Laboratory Application,v3.12.3,2026-08-12T22:00:00,1138.5,3.5,2.31,99.77,9580,4.2,LOW,0,LOW,CONTINUE,CONTINUE,28.3,3.1
REL-2026-0441,HOSP-CGH-01,City General Hospital,Electronic Health Record Service,v1.0.8,2026-08-12T19:54:00,1160.9,78.6,6.57,96.11,2608,34.8,HIGH,100,CRITICAL,ROLLBACK RECOMMENDED (HIGH IMPACT CONFIRMATION REQUIRED),ROLLBACK,51.3,4.1
REL-2026-0442,HOSP-SMMC-02,St. Mary's Medical Center,Pharmacy Management Service,v3.0.7,2026-08-12T17:48:00,304.2,21.7,3.18,98.94,9110,8.9,MEDIUM,20,LOW,CONTINUE,HUMAN REVIEW,32.2,4.1
REL-2026-0443,HOSP-LKH-03,Lakeside Hospital,Radiology PACS,v5.7.1,2026-08-12T15:42:00,520.0,30.0,5.53,98.71,9180,8.2,HIGH,75,HIGH,ROLLBACK RECOMMENDED,HUMAN REVIEW,44.1,4.1
REL-2026-0444,HOSP-MCH-04,Metro Care Hospital,Patient Billing & Scheduling,v5.12.4,2026-08-12T13:36:00,2026.2,84.2,6.2,98.47,8750,12.5,CRITICAL,100,CRITICAL,ROLLBACK RECOMMENDED (HIGH IMPACT CONFIRMATION REQUIRED),ROLLBACK,44.7,3.7
REL-2026-0445,HOSP-GVH-05,Green Valley Hospital,Clinical Portal,v1.6.7,2026-08-12T11:30:00,1441.0,31.0,4.25,98.85,11525,7.8,MEDIUM,50,MEDIUM,HUMAN REVIEW,HUMAN REVIEW,42.8,3.2
REL-2026-0446,HOSP-CGH-01,City General Hospital,Laboratory Application,v3.9.7,2026-08-12T09:24:00,838.5,29.0,4.23,98.9,6930,7.6,LOW,20,LOW,CONTINUE,HUMAN REVIEW,39.4,3.2
REL-2026-0447,HOSP-SMMC-02,St. Mary's Medical Center,Electronic Health Record Service,v4.9.9,2026-08-12T07:18:00,311.5,24.6,3.85,99.02,9210,7.9,LOW,0,LOW,CONTINUE,HUMAN REVIEW,32.2,3.5
REL-2026-0448,HOSP-LKH-03,Lakeside Hospital,Pharmacy Management Service,v5.13.6,2026-08-12T05:12:00,351.0,40.4,6.68,97.97,9212,26.3,CRITICAL,100,CRITICAL,ROLLBACK RECOMMENDED (HIGH IMPACT CONFIRMATION REQUIRED),ROLLBACK,43.3,5.0
REL-2026-0449,HOSP-MCH-04,Metro Care Hospital,Radiology PACS,v1.2.3,2026-08-12T03:06:00,1039.3,59.9,7.86,95.65,10862,13.1,HIGH,100,CRITICAL,ROLLBACK RECOMMENDED (HIGH IMPACT CONFIRMATION REQUIRED),ROLLBACK,52.6,5.1
REL-2026-0450,HOSP-GVH-05,Green Valley Hospital,Patient Billing & Scheduling,v1.10.6,2026-08-12T01:00:00,1280.4,16.4,0.34,99.67,9440,5.6,LOW,0,LOW,CONTINUE,CONTINUE,19.1,2.4
REL-2026-0451,HOSP-CGH-01,City General Hospital,Clinical Portal,v1.4.4,2026-08-11T22:54:00,343.2,-14.2,1.34,99.64,7327,2.3,LOW,0,LOW,CONTINUE,CONTINUE,23.1,2.5
REL-2026-0452,HOSP-SMMC-02,St. Mary's Medical Center,Laboratory Application,v2.7.9,2026-08-11T20:48:00,275.0,10.0,0.78,99.66,2485,0.6,LOW,0,LOW,CONTINUE,CONTINUE,18.9,3.7
REL-2026-0453,HOSP-LKH-03,Lakeside Hospital,Electronic Health Record Service,v5.3.3,2026-08-11T18:42:00,222.5,-11.0,0.2,99.76,7290,2.8,LOW,0,LOW,CONTINUE,CONTINUE,15.4,3.1
REL-2026-0454,HOSP-MCH-04,Metro Care Hospital,Pharmacy Management Service,v4.1.0,2026-08-11T16:36:00,965.7,7.3,0.55,99.75,11775,5.8,LOW,0,LOW,CONTINUE,CONTINUE,26.7,3.0
REL-2026-0455,HOSP-GVH-05,Green Valley Hospital,Radiology PACS,v2.2.4,2026-08-11T14:30:00,806.7,24.1,3.75,99.2,2240,10.4,HIGH,50,MEDIUM,HUMAN REVIEW,HUMAN REVIEW,33.8,4.3
REL-2026-0456,HOSP-CGH-01,City General Hospital,Patient Billing & Scheduling,v2.10.5,2026-08-11T12:24:00,1198.8,33.2,3.63,99.06,6787,9.5,HIGH,55,MEDIUM,HUMAN REVIEW,HUMAN REVIEW,47.0,4.0
REL-2026-0457,HOSP-SMMC-02,St. Mary's Medical Center,Clinical Portal,v5.2.1,2026-08-11T10:18:00,1554.3,72.7,5.52,98.52,7760,22.4,HIGH,100,CRITICAL,ROLLBACK RECOMMENDED (HIGH IMPACT CONFIRMATION REQUIRED),ROLLBACK,49.1,5.3
REL-2026-0458,HOSP-LKH-03,Lakeside Hospital,Laboratory Application,v4.0.3,2026-08-11T08:12:00,816.4,25.6,4.8,99.09,3644,8.9,HIGH,25,LOW,CONTINUE,HUMAN REVIEW,47.7,3.2
REL-2026-0459,HOSP-MCH-04,Metro Care Hospital,Electronic Health Record Service,v1.6.6,2026-08-11T06:06:00,1662.1,51.1,11.6,96.93,3336,16.6,CRITICAL,100,CRITICAL,ROLLBACK RECOMMENDED (HIGH IMPACT CONFIRMATION REQUIRED),ROLLBACK,40.8,4.5
REL-2026-0460,HOSP-GVH-05,Green Valley Hospital,Pharmacy Management Service,v5.7.8,2026-08-11T04:00:00,432.4,8.1,1.44,99.82,7192,4.1,LOW,0,LOW,CONTINUE,CONTINUE,23.8,3.3
REL-2026-0461,HOSP-CGH-01,City General Hospital,Radiology PACS,v1.14.7,2026-08-11T01:54:00,1574.1,74.9,13.01,96.67,6675,11.0,HIGH,100,CRITICAL,ROLLBACK RECOMMENDED (HIGH IMPACT CONFIRMATION REQUIRED),ROLLBACK,58.8,4.1
REL-2026-0462,HOSP-SMMC-02,St. Mary's Medical Center,Patient Billing & Scheduling,v1.7.3,2026-08-10T23:48:00,402.8,0.7,0.06,99.63,9880,1.2,MEDIUM,0,LOW,CONTINUE,CONTINUE,27.1,3.8
REL-2026-0463,HOSP-LKH-03,Lakeside Hospital,Clinical Portal,v3.1.5,2026-08-10T21:42:00,916.2,1.8,2.03,99.84,3856,3.6,LOW,0,LOW,CONTINUE,CONTINUE,27.6,2.4
REL-2026-0464,HOSP-MCH-04,Metro Care Hospital,Laboratory Application,v1.14.0,2026-08-10T19:36:00,428.5,71.4,10.42,95.24,3476,13.1,HIGH,100,CRITICAL,ROLLBACK RECOMMENDED (HIGH IMPACT CONFIRMATION REQUIRED),ROLLBACK,48.3,5.3
REL-2026-0465,HOSP-GVH-05,Green Valley Hospital,Electronic Health Record Service,v4.12.7,2026-08-10T17:30:00,1048.3,-4.7,0.98,99.89,2485,0.6,LOW,0,LOW,CONTINUE,CONTINUE,28.0,3.4
REL-2026-0466,HOSP-CGH-01,City General Hospital,Pharmacy Management Service,v5.8.5,2026-08-10T15:24:00,1766.6,60.6,8.29,95.4,3376,15.6,HIGH,100,CRITICAL,ROLLBACK RECOMMENDED (HIGH IMPACT CONFIRMATION REQUIRED),ROLLBACK,53.0,5.2
REL-2026-0467,HOSP-SMMC-02,St. Mary's Medical Center,Radiology PACS,v2.15.4,2026-08-10T13:18:00,951.5,-13.5,0.36,99.8,3860,3.5,MEDIUM,0,LOW,CONTINUE,CONTINUE,26.3,2.6
REL-2026-0468,HOSP-LKH-03,Lakeside Hospital,Patient Billing & Scheduling,v2.2.5,2026-08-10T11:12:00,432.0,8.0,0.4,99.92,3944,1.4,MEDIUM,0,LOW,CONTINUE,CONTINUE,27.9,2.8
REL-2026-0469,HOSP-MCH-04,Metro Care Hospital,Clinical Portal,v2.0.3,2026-08-10T09:06:00,321.2,28.5,4.01,98.73,9150,8.5,LOW,20,LOW,CONTINUE,HUMAN REVIEW,38.2,4.2
REL-2026-0470,HOSP-GVH-05,Green Valley Hospital,Laboratory Application,v3.0.8,2026-08-10T07:00:00,480.0,92.0,8.32,95.8,1780,28.8,HIGH,100,CRITICAL,ROLLBACK RECOMMENDED (HIGH IMPACT CONFIRMATION REQUIRED),ROLLBACK,58.2,3.5
REL-2026-0471,HOSP-CGH-01,City General Hospital,Electronic Health Record Service,v5.7.2,2026-08-10T04:54:00,447.2,11.8,0.16,99.68,7485,0.2,LOW,0,LOW,CONTINUE,CONTINUE,18.3,2.5
REL-2026-0472,HOSP-SMMC-02,St. Mary's Medical Center,Pharmacy Management Service,v5.13.1,2026-08-10T02:48:00,706.5,8.7,0.98,99.64,3812,4.7,LOW,0,LOW,CONTINUE,CONTINUE,19.6,2.4
REL-2026-0473,HOSP-LKH-03,Lakeside Hospital,Radiology PACS,v2.10.3,2026-08-10T00:42:00,1079.1,-1.9,1.52,99.7,7057,5.9,LOW,0,LOW,CONTINUE,CONTINUE,26.4,3.1
REL-2026-0474,HOSP-MCH-04,Metro Care Hospital,Patient Billing & Scheduling,v4.14.2,2026-08-09T22:36:00,1354.1,23.1,3.24,98.96,6795,9.4,LOW,20,LOW,CONTINUE,HUMAN REVIEW,33.0,3.6
REL-2026-0475,HOSP-GVH-05,Green Valley Hospital,Clinical Portal,v2.12.3,2026-08-09T20:30:00,508.4,27.1,4.74,99.05,8980,10.2,HIGH,50,MEDIUM,HUMAN REVIEW,HUMAN REVIEW,30.7,3.3
REL-2026-0476,HOSP-CGH-01,City General Hospital,Laboratory Application,v3.13.7,2026-08-09T18:24:00,1628.0,48.0,6.22,96.15,8875,29.0,CRITICAL,100,CRITICAL,ROLLBACK RECOMMENDED (HIGH IMPACT CONFIRMATION REQUIRED),ROLLBACK,45.1,3.6
REL-2026-0477,HOSP-SMMC-02,St. Mary's Medical Center,Electronic Health Record Service,v5.2.4,2026-08-09T16:18:00,1082.4,-1.6,0.49,99.85,12325,1.4,LOW,0,LOW,CONTINUE,CONTINUE,28.5,2.5
REL-2026-0478,HOSP-LKH-03,Lakeside Hospital,Pharmacy Management Service,v5.8.0,2026-08-09T14:12:00,1063.7,-3.3,1.7,99.89,3940,1.5,MEDIUM,0,LOW,CONTINUE,CONTINUE,27.7,2.3
REL-2026-0479,HOSP-MCH-04,Metro Care Hospital,Radiology PACS,v2.14.7,2026-08-09T12:06:00,718.8,79.7,5.6,98.86,7330,26.7,HIGH,100,CRITICAL,ROLLBACK RECOMMENDED (HIGH IMPACT CONFIRMATION REQUIRED),ROLLBACK,59.0,4.0
REL-2026-0480,HOSP-GVH-05,Green Valley Hospital,Patient Billing & Scheduling,v3.10.3,2026-08-09T10:00:00,315.8,26.3,4.32,98.52,8870,11.3,LOW,45,MEDIUM,HUMAN REVIEW,HUMAN REVIEW,40.4,3.2
REL-2026-0481,HOSP-CGH-01,City General Hospital,Clinical Portal,v4.12.3,2026-08-09T07:54:00,943.8,-14.2,1.97,99.66,11812,5.5,LOW,0,LOW,CONTINUE,CONTINUE,23.5,3.4
REL-2026-0482,HOSP-SMMC-02,St. Mary's Medical Center,Laboratory Application,v1.5.3,2026-08-09T05:48:00,1153.9,4.9,1.16,99.64,9460,5.4,LOW,0,LOW,CONTINUE,CONTINUE,25.1,2.3
REL-2026-0483,HOSP-LKH-03,Lakeside Hospital,Electronic Health Record Service,v4.15.1,2026-08-09T03:42:00,545.6,36.4,5.99,95.67,9575,23.4,CRITICAL,100,CRITICAL,ROLLBACK RECOMMENDED (HIGH IMPACT CONFIRMATION REQUIRED),ROLLBACK,48.6,5.5
REL-2026-0484,HOSP-MCH-04,Metro Care Hospital,Pharmacy Management Service,v1.4.7,2026-08-09T01:36:00,1130.4,73.9,6.85,96.21,3008,24.8,HIGH,100,CRITICAL,ROLLBACK RECOMMENDED (HIGH IMPACT CONFIRMATION REQUIRED),ROLLBACK,51.1,4.9
REL-2026-0485,HOSP-GVH-05,Green Valley Hospital,Radiology PACS,v4.5.6,2026-08-08T23:30:00,865.8,33.2,4.38,99.02,6757,9.9,MEDIUM,30,MEDIUM,HUMAN REVIEW,HUMAN REVIEW,41.6,4.4
REL-2026-0486,HOSP-CGH-01,City General Hospital,Patient Billing & Scheduling,v3.2.3,2026-08-08T21:24:00,702.6,8.1,1.76,99.87,12425,0.6,LOW,0,LOW,CONTINUE,CONTINUE,18.6,3.6
REL-2026-0487,HOSP-SMMC-02,St. Mary's Medical Center,Clinical Portal,v4.12.5,2026-08-08T19:18:00,221.8,-11.3,1.93,99.78,2450,2.0,LOW,0,LOW,CONTINUE,CONTINUE,18.1,2.1
REL-2026-0488,HOSP-LKH-03,Lakeside Hospital,Laboratory Application,v4.8.2,2026-08-08T17:12:00,1053.9,17.1,0.85,99.79,3820,4.5,LOW,0,LOW,CONTINUE,CONTINUE,16.2,3.2
REL-2026-0489,HOSP-MCH-04,Metro Care Hospital,Electronic Health Record Service,v5.6.7,2026-08-08T15:06:00,444.0,11.0,0.46,99.6,2400,4.0,LOW,0,LOW,CONTINUE,CONTINUE,17.3,2.6
REL-2026-0490,HOSP-GVH-05,Green Valley Hospital,Pharmacy Management Service,v1.0.5,2026-08-08T13:00:00,213.0,-14.8,1.94,99.96,9540,4.6,LOW,0,LOW,CONTINUE,CONTINUE,28.6,2.4
REL-2026-0491,HOSP-CGH-01,City General Hospital,Radiology PACS,v5.12.6,2026-08-08T10:54:00,1568.6,42.6,6.92,95.42,3160,21.0,CRITICAL,100,CRITICAL,ROLLBACK RECOMMENDED (HIGH IMPACT CONFIRMATION REQUIRED),ROLLBACK,47.1,4.8
REL-2026-0492,HOSP-SMMC-02,St. Mary's Medical Center,Patient Billing & Scheduling,v1.2.3,2026-08-08T08:48:00,1090.1,-0.9,0.82,99.78,7327,2.3,LOW,0,LOW,CONTINUE,CONTINUE,24.9,2.5
REL-2026-0493,HOSP-LKH-03,Lakeside Hospital,Clinical Portal,v3.5.5,2026-08-08T06:42:00,934.2,3.8,2.48,99.67,3796,5.1,LOW,0,LOW,CONTINUE,CONTINUE,24.0,3.8
REL-2026-0494,HOSP-MCH-04,Metro Care Hospital,Laboratory Application,v2.13.3,2026-08-08T04:36:00,246.0,-1.6,1.62,99.83,7395,1.4,LOW,0,LOW,CONTINUE,CONTINUE,18.5,3.1
REL-2026-0495,HOSP-GVH-05,Green Valley Hospital,Electronic Health Record Service,v3.10.0,2026-08-08T02:30:00,587.0,-9.7,0.55,99.96,3992,0.2,MEDIUM,0,LOW,CONTINUE,CONTINUE,29.8,2.8
REL-2026-0496,HOSP-CGH-01,City General Hospital,Pharmacy Management Service,v4.10.2,2026-08-08T00:24:00,614.4,53.6,7.25,98.58,10962,12.3,HIGH,100,CRITICAL,ROLLBACK RECOMMENDED (HIGH IMPACT CONFIRMATION REQUIRED),ROLLBACK,57.6,4.9
REL-2026-0497,HOSP-SMMC-02,St. Mary's Medical Center,Radiology PACS,v5.2.6,2026-08-07T22:18:00,428.8,7.2,0.4,99.64,3952,1.2,MEDIUM,0,LOW,CONTINUE,CONTINUE,23.2,3.4
REL-2026-0498,HOSP-LKH-03,Lakeside Hospital,Patient Billing & Scheduling,v4.12.2,2026-08-07T20:12:00,265.5,6.2,0.79,99.98,7237,3.5,LOW,0,LOW,CONTINUE,CONTINUE,19.1,3.4
REL-2026-0499,HOSP-MCH-04,Metro Care Hospital,Clinical Portal,v5.4.8,2026-08-07T18:06:00,588.2,-9.5,2.39,99.9,12137,2.9,LOW,0,LOW,CONTINUE,CONTINUE,27.8,3.4
REL-2026-0500,HOSP-GVH-05,Green Valley Hospital,Laboratory Application,v3.15.6,2026-08-07T16:00:00,261.8,4.7,1.23,99.88,12250,2.0,LOW,0,LOW,CONTINUE,CONTINUE,17.3,2.3
REL-2026-0501,HOSP-CGH-01,City General Hospital,Electronic Health Record Service,v3.15.5,2026-08-07T13:54:00,1521.9,69.1,8.97,98.59,6607,11.9,CRITICAL,100,CRITICAL,ROLLBACK RECOMMENDED (HIGH IMPACT CONFIRMATION REQUIRED),ROLLBACK,60.5,3.8
REL-2026-0502,HOSP-SMMC-02,St. Mary's Medical Center,Pharmacy Management Service,v3.7.9,2026-08-07T11:48:00,1055.7,17.3,0.94,99.61,3832,4.2,MEDIUM,0,LOW,CONTINUE,CONTINUE,24.7,2.5
REL-2026-0503,HOSP-LKH-03,Lakeside Hospital,Radiology PACS,v3.12.9,2026-08-07T09:42:00,1708.2,89.8,8.88,98.51,5617,25.1,HIGH,100,CRITICAL,ROLLBACK RECOMMENDED (HIGH IMPACT CONFIRMATION REQUIRED),ROLLBACK,59.3,3.8
REL-2026-0504,HOSP-MCH-04,Metro Care Hospital,Patient Billing & Scheduling,v1.3.1,2026-08-07T07:36:00,614.8,53.7,6.71,98.63,7100,29.0,CRITICAL,100,CRITICAL,ROLLBACK RECOMMENDED (HIGH IMPACT CONFIRMATION REQUIRED),ROLLBACK,55.4,3.5
REL-2026-0505,HOSP-GVH-05,Green Valley Hospital,Clinical Portal,v1.5.3,2026-08-07T05:30:00,366.0,-8.5,0.38,99.8,3884,2.9,LOW,0,LOW,CONTINUE,CONTINUE,21.8,3.5
REL-2026-0506,HOSP-CGH-01,City General Hospital,Laboratory Application,v1.0.0,2026-08-07T03:24:00,965.7,7.3,0.25,99.65,9950,0.5,LOW,0,LOW,CONTINUE,CONTINUE,20.1,3.1
REL-2026-0507,HOSP-SMMC-02,St. Mary's Medical Center,Electronic Health Record Service,v3.10.5,2026-08-07T01:18:00,767.7,-14.7,1.53,99.9,7057,5.9,LOW,0,LOW,CONTINUE,CONTINUE,22.1,2.6
REL-2026-0508,HOSP-LKH-03,Lakeside Hospital,Pharmacy Management Service,v5.3.8,2026-08-06T23:12:00,532.4,33.1,5.42,99.11,2325,7.0,MEDIUM,60,HIGH,ROLLBACK RECOMMENDED,HUMAN REVIEW,43.1,4.3
REL-2026-0509,HOSP-MCH-04,Metro Care Hospital,Radiology PACS,v4.7.9,2026-08-06T21:06:00,404.8,61.9,9.01,98.85,6337,15.5,CRITICAL,100,CRITICAL,ROLLBACK RECOMMENDED (HIGH IMPACT CONFIRMATION REQUIRED),ROLLBACK,40.4,4.2
REL-2026-0510,HOSP-GVH-05,Green Valley Hospital,Patient Billing & Scheduling,v5.1.2,2026-08-06T19:00:00,536.4,34.1,4.43,98.99,3588,10.3,LOW,75,HIGH,ROLLBACK RECOMMENDED,HUMAN REVIEW,43.2,3.4
REL-2026-0511,HOSP-CGH-01,City General Hospital,Clinical Portal,v4.0.2,2026-08-06T16:54:00,317.5,27.0,5.69,98.84,2205,11.8,HIGH,100,CRITICAL,ROLLBACK RECOMMENDED (HIGH IMPACT CONFIRMATION REQUIRED),HUMAN REVIEW,34.3,3.3
REL-2026-0512,HOSP-SMMC-02,St. Mary's Medical Center,Laboratory Application,v5.2.5,2026-08-06T14:48:00,767.6,91.9,11.2,98.6,9125,27.0,CRITICAL,100,CRITICAL,ROLLBACK RECOMMENDED (HIGH IMPACT CONFIRMATION REQUIRED),ROLLBACK,42.0,4.9
